------- FILE toywars.asm LEVEL 1 PASS 2
      1  4000 ????						; TOY WARS -- lane defense on the toy shelves (Atari 2600, 16K F6, NTSC)
      2  4000 ????						;
      3  4000 ????						; Milestone 1: the still screen. Three slanted shelves (the ball, moved six
      4  4000 ????						; pixels left every row by HMOVE), the toy box (playfield 1, cleared mid-line
      5  4000 ????						; so its reflected copy never shows), green toy defenders on a 3 x 3 grid
      6  4000 ????						; (player 0 as three copies 32 pixels apart, graphics rewritten between the
      7  4000 ????						; copies), red enemies (player 1, moved from enemy to enemy down the screen),
      8  4000 ????						; and the defenders' shots (missile 1).
      9  4000 ????						;
     10  4000 ????						; Bank 0: frame loop, game logic, the event scheduler, the header (title and
     11  4000 ????						; status line, 48-pixel text). Bank 1: the play kernel and its graphics.
     12  4000 ????						; Bank 2: game logic (logic.asm). Bank 3: sound steps and music (sound.asm).
     13  4000 ????						;
     14  4000 ????						; Frame: 3 VSYNC + 37 VBLANK + 192 visible + 30 overscan = 262 lines.
     15  4000 ????						; Visible: s0 blank, s1-14 title, s15 setup, s16-25 status, s26-28
     16  4000 ????						; positioning, s29 blank, s30 rule, s31 setup, s32-191 play area (80 x 2).
     17  4000 ????						;
     18  4000 ????						; Play kernel: rows y = 79..0 (top to bottom), two lines each. Line A: HMOVE,
     19  4000 ????						; box, shelf, shot, the three defender copies. Line B: box, defenders, enemy
     20  4000 ????						; graphics and color, and the checks for the next special row:
     21  4000 ????						;  - event rows (from a queue built in bank 0, pulled with PLA; RTS jumps to
     22  4000 ????						;    one of eight variants that strobe RESP1 at a fixed cycle) move player 1
     23  4000 ????						;    to the next enemy;
     24  4000 ????						;  - static rows (fixed, via JMP (stVec)) swap the defender pointers to the
     25  4000 ????						;    next lane, restart the ball and the shot missile on the next shelf, and
     26  4000 ????						;    end the kernel.
     27  4000 ????
     28  4000 ????				      processor	6502
------- FILE vcs.h LEVEL 2 PASS 2
      0  4000 ????				      include	vcs.h
      1  4000 ????						; VCS.H
      2  4000 ????						; Version 1.07, 08/OCT/2021
      3  4000 ????
      4  4000 ????	       00 6b	   VERSION_VCS =	107
      5  4000 ????
      6  4000 ????						; THIS IS *THE* "STANDARD" VCS.H
      7  4000 ????						; THIS FILE IS EXPLICITLY SUPPORTED AS A DASM-PREFERRED COMPANION FILE
      8  4000 ????						; The latest version can be found at https://dasm-assembler.github.io/
      9  4000 ????						;
     10  4000 ????						; This file defines hardware registers and memory mapping for the
     11  4000 ????						; Atari 2600. It is distributed as a companion machine-specific support package
     12  4000 ????						; for the DASM compiler. Updates to this file, DASM, and associated tools are
     13  4000 ????						; available at at https://dasm-assembler.github.io/
     14  4000 ????						;
     15  4000 ????						; Many thanks to the people who have contributed. If you find an issue with the
     16  4000 ????						; contents, or would like to add something, please report as an issue at...
     17  4000 ????						; https://github.com/dasm-assembler/dasm/issues
     18  4000 ????
     19  4000 ????						;
     20  4000 ????						; Latest Revisions...
     21  4000 ????						; 1.07  08/OCT/2021	 Added timer interrupt registers
     22  4000 ????						; 1.06  05/SEP/2020	 Modified header/license and links to new versions
     23  4000 ????						; 1.05  13/NOV/2003	  - Correction to 1.04 - now functions as requested by MR.
     24  4000 ????						;			  - Added VERSION_VCS equate (which will reflect 100x version #)
     25  4000 ????						;			    This will allow conditional code to verify VCS.H being
     26  4000 ????						;			    used for code assembly.
     27  4000 ????						; 1.04  12/NOV/2003	 Added TIA_BASE_WRITE_ADDRESS and TIA_BASE_READ_ADDRESS for
     28  4000 ????						;			 convenient disassembly/reassembly compatibility for hardware
     29  4000 ????						;			 mirrored reading/writing differences.	This is more a
     30  4000 ????						;			 readability issue, and binary compatibility with disassembled
     31  4000 ????						;			 and reassembled sources.  Per Manuel Rotschkar's suggestion.
     32  4000 ????						; 1.03  12/MAY/2003	 Added SEG segment at end of file to fix old-code compatibility
     33  4000 ????						;			 which was broken by the use of segments in this file, as
     34  4000 ????						;			 reported by Manuel Polik on [stella] 11/MAY/2003
     35  4000 ????						; 1.02  22/MAR/2003	 Added TIMINT($285)
     36  4000 ????						; 1.01 		 Constant offset added to allow use for 3F-style bankswitching
     37  4000 ????						;			  - define TIA_BASE_ADDRESS as $40 for Tigervision carts, otherwise
     38  4000 ????						;			    it is safe to leave it undefined, and the base address will
     39  4000 ????						;			    be set to 0.  Thanks to Eckhard Stolberg for the suggestion.
     40  4000 ????						;			    Note, may use -DLABEL=EXPRESSION to define TIA_BASE_ADDRESS
     41  4000 ????						;			  - register definitions are now generated through assignment
     42  4000 ????						;			    in uninitialised segments.	This allows a changeable base
     43  4000 ????						;			    address architecture.
     44  4000 ????						; 1.0	 22/MAR/2003	 Initial release
     45  4000 ????
     46  4000 ????
     47  4000 ????						;-------------------------------------------------------------------------------
     48  4000 ????
     49  4000 ????						; TIA_BASE_ADDRESS
     50  4000 ????						; The TIA_BASE_ADDRESS defines the base address of access to TIA registers.
     51  4000 ????						; Normally 0, the base address should (externally, before including this file)
     52  4000 ????						; be set to $40 when creating 3F-bankswitched (and other?) cartridges.
     53  4000 ????						; The reason is that this bankswitching scheme treats any access to locations
     54  4000 ????						; < $40 as a bankswitch.
     55  4000 ????
     56  4000 ????			  -	      IFNCONST	TIA_BASE_ADDRESS
     57  4000 ????			  -TIA_BASE_ADDRESS =	0
     58  4000 ????				      ENDIF
     59  4000 ????
     60  4000 ????						; Note: The address may be defined on the command-line using the -D switch, eg:
     61  4000 ????						; dasm.exe code.asm -DTIA_BASE_ADDRESS=$40 -f3 -v5 -ocode.bin
     62  4000 ????						; *OR* by declaring the label before including this file, eg:
     63  4000 ????						; TIA_BASE_ADDRESS = $40
     64  4000 ????						;   include "vcs.h"
     65  4000 ????
     66  4000 ????						; Alternate read/write address capability - allows for some disassembly compatibility
     67  4000 ????						; usage ; to allow reassembly to binary perfect copies).  This is essentially catering
     68  4000 ????						; for the mirrored ROM hardware registers.
     69  4000 ????
     70  4000 ????						; Usage: As per above, define the TIA_BASE_READ_ADDRESS and/or TIA_BASE_WRITE_ADDRESS
     71  4000 ????						; using the -D command-line switch, as required.  If the addresses are not defined,
     72  4000 ????						; they defaut to the TIA_BASE_ADDRESS.
     73  4000 ????
     74  4000 ????			  -	      IFNCONST	TIA_BASE_READ_ADDRESS
     75  4000 ????			  -TIA_BASE_READ_ADDRESS =	TIA_BASE_ADDRESS
     76  4000 ????				      ENDIF
     77  4000 ????
     78  4000 ????			  -	      IFNCONST	TIA_BASE_WRITE_ADDRESS
     79  4000 ????			  -TIA_BASE_WRITE_ADDRESS =	TIA_BASE_ADDRESS
     80  4000 ????				      ENDIF
     81  4000 ????
     82  4000 ????						;-------------------------------------------------------------------------------
     83  4000 ????
     84 U002d ????				      SEG.U	TIA_REGISTERS_WRITE
     85 U0000					      ORG	TIA_BASE_WRITE_ADDRESS
     86 U0000
     87 U0000							; DO NOT CHANGE THE RELATIVE ORDERING OF REGISTERS!
     88 U0000
     89 U0000		       00	   VSYNC      ds	1	; $00	 0000 00x0   Vertical Sync Set-Clear
     90 U0001		       00	   VBLANK     ds	1	; $01	 xx00 00x0   Vertical Blank Set-Clear
     91 U0002		       00	   WSYNC      ds	1	; $02	 ---- ----   Wait for Horizontal Blank
     92 U0003		       00	   RSYNC      ds	1	; $03	 ---- ----   Reset Horizontal Sync Counter
     93 U0004		       00	   NUSIZ0     ds	1	; $04	 00xx 0xxx   Number-Size player/missile 0
     94 U0005		       00	   NUSIZ1     ds	1	; $05	 00xx 0xxx   Number-Size player/missile 1
     95 U0006		       00	   COLUP0     ds	1	; $06	 xxxx xxx0   Color-Luminance Player 0
     96 U0007		       00	   COLUP1     ds	1	; $07	 xxxx xxx0   Color-Luminance Player 1
     97 U0008		       00	   COLUPF     ds	1	; $08	 xxxx xxx0   Color-Luminance Playfield
     98 U0009		       00	   COLUBK     ds	1	; $09	 xxxx xxx0   Color-Luminance Background
     99 U000a		       00	   CTRLPF     ds	1	; $0A	 00xx 0xxx   Control Playfield, Ball, Collisions
    100 U000b		       00	   REFP0      ds	1	; $0B	 0000 x000   Reflection Player 0
    101 U000c		       00	   REFP1      ds	1	; $0C	 0000 x000   Reflection Player 1
    102 U000d		       00	   PF0	      ds	1	; $0D	 xxxx 0000   Playfield Register Byte 0
    103 U000e		       00	   PF1	      ds	1	; $0E	 xxxx xxxx   Playfield Register Byte 1
    104 U000f		       00	   PF2	      ds	1	; $0F	 xxxx xxxx   Playfield Register Byte 2
    105 U0010		       00	   RESP0      ds	1	; $10	 ---- ----   Reset Player 0
    106 U0011		       00	   RESP1      ds	1	; $11	 ---- ----   Reset Player 1
    107 U0012		       00	   RESM0      ds	1	; $12	 ---- ----   Reset Missile 0
    108 U0013		       00	   RESM1      ds	1	; $13	 ---- ----   Reset Missile 1
    109 U0014		       00	   RESBL      ds	1	; $14	 ---- ----   Reset Ball
    110 U0015		       00	   AUDC0      ds	1	; $15	 0000 xxxx   Audio Control 0
    111 U0016		       00	   AUDC1      ds	1	; $16	 0000 xxxx   Audio Control 1
    112 U0017		       00	   AUDF0      ds	1	; $17	 000x xxxx   Audio Frequency 0
    113 U0018		       00	   AUDF1      ds	1	; $18	 000x xxxx   Audio Frequency 1
    114 U0019		       00	   AUDV0      ds	1	; $19	 0000 xxxx   Audio Volume 0
    115 U001a		       00	   AUDV1      ds	1	; $1A	 0000 xxxx   Audio Volume 1
    116 U001b		       00	   GRP0       ds	1	; $1B	 xxxx xxxx   Graphics Register Player 0
    117 U001c		       00	   GRP1       ds	1	; $1C	 xxxx xxxx   Graphics Register Player 1
    118 U001d		       00	   ENAM0      ds	1	; $1D	 0000 00x0   Graphics Enable Missile 0
    119 U001e		       00	   ENAM1      ds	1	; $1E	 0000 00x0   Graphics Enable Missile 1
    120 U001f		       00	   ENABL      ds	1	; $1F	 0000 00x0   Graphics Enable Ball
    121 U0020		       00	   HMP0       ds	1	; $20	 xxxx 0000   Horizontal Motion Player 0
    122 U0021		       00	   HMP1       ds	1	; $21	 xxxx 0000   Horizontal Motion Player 1
    123 U0022		       00	   HMM0       ds	1	; $22	 xxxx 0000   Horizontal Motion Missile 0
    124 U0023		       00	   HMM1       ds	1	; $23	 xxxx 0000   Horizontal Motion Missile 1
    125 U0024		       00	   HMBL       ds	1	; $24	 xxxx 0000   Horizontal Motion Ball
    126 U0025		       00	   VDELP0     ds	1	; $25	 0000 000x   Vertical Delay Player 0
    127 U0026		       00	   VDELP1     ds	1	; $26	 0000 000x   Vertical Delay Player 1
    128 U0027		       00	   VDELBL     ds	1	; $27	 0000 000x   Vertical Delay Ball
    129 U0028		       00	   RESMP0     ds	1	; $28	 0000 00x0   Reset Missile 0 to Player 0
    130 U0029		       00	   RESMP1     ds	1	; $29	 0000 00x0   Reset Missile 1 to Player 1
    131 U002a		       00	   HMOVE      ds	1	; $2A	 ---- ----   Apply Horizontal Motion
    132 U002b		       00	   HMCLR      ds	1	; $2B	 ---- ----   Clear Horizontal Move Registers
    133 U002c		       00	   CXCLR      ds	1	; $2C	 ---- ----   Clear Collision Latches
    134 U002d
    135 U002d							;-------------------------------------------------------------------------------
    136 U002d
    137 U000e ????				      SEG.U	TIA_REGISTERS_READ
    138 U0000					      ORG	TIA_BASE_READ_ADDRESS
    139 U0000
    140 U0000							;					     bit 7   bit 6
    141 U0000		       00	   CXM0P      ds	1	; $00	     xx00 0000	     Read Collision  M0-P1   M0-P0
    142 U0001		       00	   CXM1P      ds	1	; $01	     xx00 0000			     M1-P0   M1-P1
    143 U0002		       00	   CXP0FB     ds	1	; $02	     xx00 0000			     P0-PF   P0-BL
    144 U0003		       00	   CXP1FB     ds	1	; $03	     xx00 0000			     P1-PF   P1-BL
    145 U0004		       00	   CXM0FB     ds	1	; $04	     xx00 0000			     M0-PF   M0-BL
    146 U0005		       00	   CXM1FB     ds	1	; $05	     xx00 0000			     M1-PF   M1-BL
    147 U0006		       00	   CXBLPF     ds	1	; $06	     x000 0000			     BL-PF   -----
    148 U0007		       00	   CXPPMM     ds	1	; $07	     xx00 0000			     P0-P1   M0-M1
    149 U0008		       00	   INPT0      ds	1	; $08	     x000 0000	     Read Pot Port 0
    150 U0009		       00	   INPT1      ds	1	; $09	     x000 0000	     Read Pot Port 1
    151 U000a		       00	   INPT2      ds	1	; $0A	     x000 0000	     Read Pot Port 2
    152 U000b		       00	   INPT3      ds	1	; $0B	     x000 0000	     Read Pot Port 3
    153 U000c		       00	   INPT4      ds	1	; $0C	     x000 0000	     Read Input (Trigger) 0
    154 U000d		       00	   INPT5      ds	1	; $0D	     x000 0000	     Read Input (Trigger) 1
    155 U000e
    156 U000e							;-------------------------------------------------------------------------------
    157 U000e
    158 U02a0 ????				      SEG.U	RIOT
    159 U0280					      ORG	$280
    160 U0280
    161 U0280							; RIOT MEMORY MAP
    162 U0280
    163 U0280		       00	   SWCHA      ds	1	; $280      Port A data register for joysticks:
    164 U0281							;	     Bits 4-7 for player 1.  Bits 0-3 for player 2.
    165 U0281
    166 U0281		       00	   SWACNT     ds	1	; $281      Port A data direction register (DDR)
    167 U0282		       00	   SWCHB      ds	1	; $282      Port B data (console switches)
    168 U0283		       00	   SWBCNT     ds	1	; $283      Port B DDR
    169 U0284		       00	   INTIM      ds	1	; $284      Timer output (and disable timer interrupt)
    170 U0285
    171 U0285		       00	   TIMINT     ds	1	; $285      Read the interrupt flags
    172 U0286
    173 U0286							; Mirrored registers, part 1 ($285-$294)
    174 U0286
    175 U0286		       00		      ds	1	; $286      Mirror of INTIM
    176 U0287		       00		      ds	1	; $287      Mirror of TIMINT
    177 U0288		       00		      ds	1	; $288      Mirror of SWCHA
    178 U0289		       00		      ds	1	; $289      Mirror of SWACNT
    179 U028a		       00		      ds	1	; $28A      Mirror of SWCHB
    180 U028b		       00		      ds	1	; $28B      Mirror of SWBCNT
    181 U028c		       00		      ds	1	; $28C      Timer output (and enable timer interrupt)
    182 U028d		       00		      ds	1	; $28D      Mirror of TIMINT
    183 U028e		       00		      ds	1	; $28E      Mirror of $28C
    184 U028f		       00		      ds	1	; $28F      Mirror of TIMINT
    185 U0290		       00		      ds	1	; $290      Mirror of SWCHA
    186 U0291		       00		      ds	1	; $291      Mirror of SWACNT
    187 U0292		       00		      ds	1	; $292      Mirror of SWCHB
    188 U0293		       00		      ds	1	; $293      Mirror of SWBCNT
    189 U0294
    190 U0294		       00	   TIM1T      ds	1	; $294      set 1 clock interval (and disable timer interrupt)
    191 U0295		       00	   TIM8T      ds	1	; $295      set 8 clock interval (and disable timer interrupt)
    192 U0296		       00	   TIM64T     ds	1	; $296      set 64 clock interval (and disable timer interrupt)
    193 U0297		       00	   T1024T     ds	1	; $297      set 1024 clock interval (and disable timer interrupt)
    194 U0298
    195 U0298							; Mirrored registers, part 2 ($298-$29b)
    196 U0298
    197 U0298		       00		      ds	1	; $298      Mirror of SWCHA
    198 U0299		       00		      ds	1	; $299      Mirror of SWACNT
    199 U029a		       00		      ds	1	; $29A      Mirror of SWCHB
    200 U029b		       00		      ds	1	; $29B      Mirror of SWBCNT
    201 U029c
    202 U029c		       00	   TIM1I      ds	1	; $29C      set 1 clock interval (and enable timer interrupt)
    203 U029d		       00	   TIM8I      ds	1	; $29D      set 8 clock interval (and enable timer interrupt)
    204 U029e		       00	   TIM64I     ds	1	; $29E      set 64 clock interval (and enable timer interrupt)
    205 U029f		       00	   T1024I     ds	1	; $29F      set 1024 clock interval (and enable timer interrupt)
    206 U02a0
    207 U02a0
    208 U02a0							;-------------------------------------------------------------------------------
    209 U02a0							; The following required for back-compatibility with code which does not use
    210 U02a0							; segments.
    211 U02a0
    212  0000 ????				      SEG
    213  0000 ????
    214  0000 ????						; EOF
------- FILE toywars.asm
     30  0000 ????
     31  0000 ????	       00 f8	   COL_GOLD   =	$F8
     32  0000 ????	       00 46	   COL_RED    =	$46
     33  0000 ????	       00 c8	   COL_GREEN  =	$C8
     34  0000 ????	       00 38	   COL_ORANGE =	$38
     35  0000 ????	       00 42	   COL_RED_DK =	$42	; enemies' bottom rows
     36  0000 ????	       00 34	   COL_ORANGE_DK =	$34
     37  0000 ????	       00 a0	   COL_HEADER =	$A0	; dark navy behind the title and status line
     38  0000 ????	       00 00	   COL_BG     =	$00
     39  0000 ????
     40  0000 ????	       00 2c	   VBLANK_TIME =	44
     41  0000 ????	       00 23	   OVERSCAN_TIME =	35
     42  0000 ????	       00 05	   NENEMY     =	5
     43  0000 ????
     44  0000 ????						;===============================================================================
     45 U00ea ????				      SEG.U	vars
     46 U0080					      ORG	$80
     47 U0080		       00 00	   pc0	      ds	2	; defender copy pointers (columns 0-2)
     48 U0082		       00 00	   pc1	      ds	2
     49 U0084		       00 00	   pc2	      ds	2
     50 U0086		       00 00	   m1ptr      ds	2	; shot (ENAM1) pointer
     51 U0088		       00 00	   p1ptr      ds	2	; enemy graphics pointer
     52 U008a		       00 00	   p1col      ds	2	; enemy color pointer (ColArr + feet row)
     53 U008c		       00 00	   stVec      ds	2	; next static row routine
     54 U008e		       00	   nextEv     ds	1	; y of the next event row
     55 U008f		       00	   nextSt     ds	1	; y of the next static row
     56 U0090		       00 00 00 00*slotPtr    ds	9	; defender pointer (low byte) per lane*3+column
     57 U0099		       00 00 00    shotPtr    ds	3	; shot pointer (low byte) per lane
     58 U009c		       00	   frame      ds	1
     59 U009d		       00	   pfColor    ds	1	; shelves and box (flashes white on a lid slam or air strike)
     60 U009e							; scheduler scratch: SelectEnemies (overscan) fills it, Schedule (VBLANK) reads it
     61 U009e		       00 00 00 00*eTop       ds	NENEMY	; event row
     62 U00a3		       00 00 00 00*eFeet      ds	NENEMY	; feet row
     63 U00a8		       00 00 00 00*eOrder     ds	NENEMY	; sorted order, bit 7 = drawn this frame
     64 U00ad		       00 00 00 00 temp       ds	4
     65 U00b1		       00	   lt0	      ds	1	; game logic scratch (bank 2)
     66 U00b2		       00	   lt1	      ds	1
     67 U00b3		       00	   lt2	      ds	1
     68 U00b4		       00	   lt3	      ds	1
     69 U00b5		       00	   lt4	      ds	1
     70 U00b6		       00	   lt5	      ds	1
     71 U00b7		       00	   sndX       ds	1	; SndPlay keeps X and Y here
     72 U00b8		       00	   sndY       ds	1
     73 U00b9		       00	   fast       ds	1	; bit 7: second-lap pace (wave 13+); bit 6: shorter spawn gaps (wave 13+ or left difficulty A); bit 5: difficulty A
     74 U00ba		       00 00 00 00*QUEUE      ds	48	; event records, 8 bytes: return lo, hi, gfx lo, hi, color lo, hi, HMP1, next y
     75 U00ba		       00 ff	   STACKTOP   =	$FF
     76 U00ea
     77 U00ea		       00 b0	   lineCnt    =	temp+3	; header loops
     78 U00ea		       00 af	   evPrevF    =	temp+2	; scheduler
     79 U00ea
 RAM used:  106  bytes (stack above)
     80 U00ea					      echo	"RAM used: ", (QUEUE + 48 - $80)d, " bytes (stack above)"
     81 U00ea
     82 U00ea							; Super Chip RAM (cartridge, 128 bytes): write at W_name, read at R_name
     83 U00ea							; ($80 higher). Game state that the kernel doesn't need lives here.
     84 Uf080 ????				      SEG.U	scram
     85 Uf000					      ORG	$F000
     86 Uf000		       00 00 00 00*W_eX       ds	NENEMY	; enemies: left x
     87 Uf005		       00 00 00 00*W_eLane    ds	NENEMY	;   shelf 0-2
     88 Uf00a		       00 00 00 00*W_eType    ds	NENEMY	;   0 none, 1 dino, 2 helicopter, 3 crawler
     89 Uf00f		       00 00 00 00*W_eHP      ds	NENEMY	;   health
     90 Uf014		       00 00 00 00*W_eState   ds	NENEMY	;   bit 7 chewing, bit 6 hopped (knight: shield broken; pogo: jumped),
     91 Uf019							;   bit 5 hurt (half its health or less), bit 4 a quarter or less,
     92 Uf019							;   bits 0-3 half its full health (at most 15)
     93 Uf019		       00 00 00 00*W_slotType ds	9	; toys per slot (shelf*3+column): 0 none, 1-6 (TOY_*)
     94 Uf022		       00 00 00 00*W_slotHP   ds	9
     95 Uf02b		       00 00 00 00*W_slotCool ds	9	; visits (6 frames) until the toy acts again
     96 Uf034		       00	   W_toyShelf ds	1	; the shelf whose toys act next
     97 Uf035		       00 00	   W_sndPos   ds	2	; per channel: position in SndData
     98 Uf037		       00 00	   W_sndTimer ds	2	;   ticks left in the step
     99 Uf039		       00 00	   W_sndPri   ds	2	;   priority of what's playing (0 = quiet)
    100 Uf03b		       00	   W_bossLeft ds	1	; T-Rexes still to come this wave
    101 Uf03c		       00	   W_packLeft ds	1	; wind-up mice still to come in the pack
    102 Uf03d		       00	   W_packTimer ds	1
    103 Uf03e		       00	   W_packLane ds	1
    104 Uf03f		       00	   W_game     ds	1	; game 1-3 (Game Select): starts at wave 1, 5 or 9
    105 Uf040		       00	   W_selPrev  ds	1	; Game Select held last frame
    106 Uf041		       00	   W_musPos   ds	1	; music: eighth note 0-63 of the theme
    107 Uf042		       00	   W_musTimer ds	1	;   frames into it (0-11)
    108 Uf043		       00 00 00    W_shotDmg  ds	3	; per shelf: damage of the shot in flight, 0 = none
    109 Uf046		       00 00 00    W_shotKind ds	3	;   1 = an army man's bullet (passes over a chewing crawler)
    110 Uf049		       00	   W_splashX  ds	1	; a cannonball's burst being swept (odd frames): x of the monster hit,
    111 Uf04a		       00	   W_splashL  ds	1	;   its shelf,
    112 Uf04b		       00	   W_splashN  ds	1	;   that monster << 4 | monsters left to check (0 = none)
    113 Uf04c		       00	   W_bag      ds	1	; spawn shelves drawn this bag (2 bits a shelf; six to a bag)
    114 Uf04d		       00 00 00    W_score    ds	3	; BCD, most significant first
    115 Uf050		       00	   W_wave     ds	1	; binary, from 1
    116 Uf051		       00	   W_batt     ds	1	; batteries, binary 0-99
    117 Uf052		       00	   W_battTimer ds	1
    118 Uf053		       00	   W_cursor   ds	1	; slot 0-8
    119 Uf054		       00	   W_toy      ds	1	; toy type chosen for placing
    120 Uf055		       00	   W_unlock   ds	1	; highest toy type unlocked
    121 Uf056		       00	   W_input    ds	1	; last frame's joystick (bits 3-0 right left down up) and fire (bit 7)
    122 Uf057		       00	   W_repeat   ds	1	; cursor auto-repeat countdown
    123 Uf058		       00	   W_fireState ds	1	; 1 = fire pressed (act on release), 2 = used to change toy
    124 Uf059		       00	   W_swPrev   ds	1	; Game Reset held last frame
    125 Uf05a		       00	   W_lids     ds	1	; bits 0-2: shelf's lid slam used
    126 Uf05b		       00	   W_state    ds	1	; 0 attract, 1 playing, 2 game over
    127 Uf05c		       00	   W_overTimer ds	1
    128 Uf05d		       00	   W_spawnLeft ds	1
    129 Uf05e		       00	   W_spawnTimer ds	1
    130 Uf05f		       00	   W_rand     ds	1
    131 Uf060		       00	   W_flash    ds	1
    132 Uf061		       00	   W_dirty    ds	1	; status line parts to rebuild: 1/8/16 score cells, 2 batteries, 4 wave,
    133 Uf062							; 32 the whole line as GAME n (game selection)
    134 Uf062		       00 00 00 00*W_cells    ds	30	; status line, 6 cells x 5 rows (bottom row first)
    135 Uf062		       f0 80	   SC_END     =	.
    136 Uf062		       f0 80	   R_eX       =	W_eX + $80
    137 Uf062		       f0 85	   R_eLane    =	W_eLane + $80
    138 Uf062		       f0 8a	   R_eType    =	W_eType + $80
    139 Uf062		       f0 8f	   R_eHP      =	W_eHP + $80
    140 Uf062		       f0 94	   R_eState   =	W_eState + $80
    141 Uf062		       f0 99	   R_slotType =	W_slotType + $80
    142 Uf062		       f0 a2	   R_slotHP   =	W_slotHP + $80
    143 Uf062		       f0 ab	   R_slotCool =	W_slotCool + $80
    144 Uf062		       f0 c3	   R_shotDmg  =	W_shotDmg + $80
    145 Uf062		       f0 c6	   R_shotKind =	W_shotKind + $80
    146 Uf062		       f0 c9	   R_splashX  =	W_splashX + $80
    147 Uf062		       f0 ca	   R_splashL  =	W_splashL + $80
    148 Uf062		       f0 cb	   R_splashN  =	W_splashN + $80
    149 Uf062		       f0 cc	   R_bag      =	W_bag + $80
    150 Uf062		       f0 cd	   R_score    =	W_score + $80
    151 Uf062		       f0 d0	   R_wave     =	W_wave + $80
    152 Uf062		       f0 d1	   R_batt     =	W_batt + $80
    153 Uf062		       f0 d2	   R_battTimer =	W_battTimer + $80
    154 Uf062		       f0 d3	   R_cursor   =	W_cursor + $80
    155 Uf062		       f0 d4	   R_toy      =	W_toy + $80
    156 Uf062		       f0 d5	   R_unlock   =	W_unlock + $80
    157 Uf062		       f0 d6	   R_input    =	W_input + $80
    158 Uf062		       f0 d7	   R_repeat   =	W_repeat + $80
    159 Uf062		       f0 d8	   R_fireState =	W_fireState + $80
    160 Uf062		       f0 d9	   R_swPrev   =	W_swPrev + $80
    161 Uf062		       f0 da	   R_lids     =	W_lids + $80
    162 Uf062		       f0 db	   R_state    =	W_state + $80
    163 Uf062		       f0 dc	   R_overTimer =	W_overTimer + $80
    164 Uf062		       f0 dd	   R_spawnLeft =	W_spawnLeft + $80
    165 Uf062		       f0 de	   R_spawnTimer =	W_spawnTimer + $80
    166 Uf062		       f0 df	   R_rand     =	W_rand + $80
    167 Uf062		       f0 e0	   R_flash    =	W_flash + $80
    168 Uf062		       f0 e1	   R_dirty    =	W_dirty + $80
    169 Uf062		       f0 b4	   R_toyShelf =	W_toyShelf + $80
    170 Uf062		       f0 b5	   R_sndPos   =	W_sndPos + $80
    171 Uf062		       f0 b7	   R_sndTimer =	W_sndTimer + $80
    172 Uf062		       f0 b9	   R_sndPri   =	W_sndPri + $80
    173 Uf062		       f0 bb	   R_bossLeft =	W_bossLeft + $80
    174 Uf062		       f0 bc	   R_packLeft =	W_packLeft + $80
    175 Uf062		       f0 bd	   R_packTimer =	W_packTimer + $80
    176 Uf062		       f0 be	   R_packLane =	W_packLane + $80
    177 Uf062		       f0 bf	   R_game     =	W_game + $80
    178 Uf062		       f0 c0	   R_selPrev  =	W_selPrev + $80
    179 Uf062		       f0 c1	   R_musPos   =	W_musPos + $80
    180 Uf062		       f0 c2	   R_musTimer =	W_musTimer + $80
    181 Uf062		       f0 e2	   R_cells    =	W_cells + $80
 Super Chip RAM used:  128  bytes
    182 Uf062					      echo	"Super Chip RAM used: ", (SC_END - $F000)d, " bytes"
    183 Uf080
    184 Uf080							;===============================================================================
    185 Uf080							; BANK 0
    186 Uf080							;===============================================================================
    187  1000 ????				      SEG	bank0
    188  0000					      ORG	$0000
    189  0000					      RORG	$F000
    190  0000		       00 00 00 00*	      ds	256, 0	; Super Chip RAM window
    191  0100
    192  0100				   Start0
    193  0100		       78		      sei
    194  0101		       d8		      cld
    195  0102		       a2 00		      ldx	#0
    196  0104		       8a		      txa
    197  0105				   .clear
    198  0105		       ca		      dex
    199  0106		       9a		      txs
    200  0107		       48		      pha
    201  0108		       d0 fb		      bne	.clear
    202  010a		       a2 7f		      ldx	#127
    203  010c		       a9 00		      lda	#0
    204  010e				   .clearSC
    205  010e		       9d 00 f0 	      sta	W_eX,x	; W_eX = $F000: the whole write port
    206  0111		       ca		      dex
    207  0112		       10 fa		      bpl	.clearSC
    208  0114		       a2 04		      ldx	#NENEMY-1	; the enemy sort order persists from frame to frame
    209  0116				   .order
    210  0116		       8a		      txa
    211  0117		       95 a8		      sta	eOrder,x
    212  0119		       ca		      dex
    213  011a		       10 fa		      bpl	.order
    214  011c		       20 c0 ff 	      jsr	CallInit	; bank 2: power-on state (attract mode)
    215  011f
    216  011f				   MainLoop
    217  011f		       a9 02		      lda	#2
    218  0121		       85 01		      sta	VBLANK
    219  0123		       85 02		      sta	WSYNC
    220  0125		       85 00		      sta	VSYNC
    221  0127		       85 02		      sta	WSYNC
    222  0129		       85 02		      sta	WSYNC
    223  012b		       85 02		      sta	WSYNC
    224  012d		       a9 00		      lda	#0
    225  012f		       85 00		      sta	VSYNC
    226  0131		       a9 2c		      lda	#VBLANK_TIME
    227  0133		       8d 96 02 	      sta	TIM64T
    228  0136
    229  0136		       e6 9c		      inc	frame
    230  0138		       20 45 f5 	      jsr	SelectEnemies
    231  013b		       20 0a f6 	      jsr	Schedule
    232  013e		       20 30 f4 	      jsr	BuildStatus
    233  0141		       20 b0 ff 	      jsr	CallSound	; bank 2: sound steps or music
    234  0144		       a9 a1		      lda	#161	; defenders: rows 0-16 read the page's zero tail
    235  0146		       85 80		      sta	pc0
    236  0148		       85 82		      sta	pc1
    237  014a		       85 84		      sta	pc2
    238  014c		       a9 f5		      lda	#>DefPage
    239  014e		       85 81		      sta	pc0+1
    240  0150		       85 83		      sta	pc1+1
    241  0152		       85 85		      sta	pc2+1
    242  0154		       a9 00		      lda	#<Zeros
    243  0156		       85 88		      sta	p1ptr
    244  0158		       a9 f6		      lda	#>Zeros
    245  015a		       85 89		      sta	p1ptr+1
    246  015c		       a9 00		      lda	#0
    247  015e		       85 8a		      sta	p1col
    248  0160		       a9 f2		      lda	#>ColArr
    249  0162		       85 8b		      sta	p1col+1
    250  0164		       a5 99		      lda	shotPtr
    251  0166		       85 86		      sta	m1ptr
    252  0168		       a9 f1		      lda	#>ShotArr
    253  016a		       85 87		      sta	m1ptr+1
    254  016c		       a9 48		      lda	#72	; first static row: row 7
    255  016e		       85 8f		      sta	nextSt
    256  0170		       a9 d6		      lda	#<St7
    257  0172		       85 8c		      sta	stVec
    258  0174		       a9 fa		      lda	#>St7
    259  0176		       85 8d		      sta	stVec+1
    260  0178
    261  0178							; header: 48-pixel text, player 0 at x 54 and player 1 at x 62
    262  0178		       85 02		      sta	WSYNC	; RESPx lands on its last cycle w: x = 3w - 60
    263  017a		       a9 10		      lda	#$10	; 0-1
    264  017c		       85 21		      sta	HMP1	; 2-4	  player 1: 63 - 1 = 62 at the HMOVE
    265  017e		       a9 00		      lda	#0	; 5-6
    266  0180		       85 20		      sta	HMP0	; 7-9
    267  0182					      REPEAT	13
    268  0182		       ea		      nop		; 10-35
    267  0182					      REPEND
    268  0183		       ea		      nop		; 10-35
    267  0183					      REPEND
    268  0184		       ea		      nop		; 10-35
    267  0184					      REPEND
    268  0185		       ea		      nop		; 10-35
    267  0185					      REPEND
    268  0186		       ea		      nop		; 10-35
    267  0186					      REPEND
    268  0187		       ea		      nop		; 10-35
    267  0187					      REPEND
    268  0188		       ea		      nop		; 10-35
    267  0188					      REPEND
    268  0189		       ea		      nop		; 10-35
    267  0189					      REPEND
    268  018a		       ea		      nop		; 10-35
    267  018a					      REPEND
    268  018b		       ea		      nop		; 10-35
    267  018b					      REPEND
    268  018c		       ea		      nop		; 10-35
    267  018c					      REPEND
    268  018d		       ea		      nop		; 10-35
    267  018d					      REPEND
    268  018e		       ea		      nop		; 10-35
    269  018f					      REPEND
    270  018f		       85 10		      sta	RESP0	; 36-38  player 0 at 54
    271  0191		       85 11		      sta	RESP1	; 39-41  player 1 at 63
    272  0193		       85 02		      sta	WSYNC
    273  0195		       85 2a		      sta	HMOVE
    274  0197		       a9 03		      lda	#3	; three copies, close
    275  0199		       85 04		      sta	NUSIZ0
    276  019b		       85 05		      sta	NUSIZ1
    277  019d		       a9 01		      lda	#1
    278  019f		       85 25		      sta	VDELP0
    279  01a1		       85 26		      sta	VDELP1
    280  01a3		       a9 46		      lda	#COL_RED
    281  01a5		       85 06		      sta	COLUP0
    282  01a7		       85 07		      sta	COLUP1
    283  01a9		       a9 a0		      lda	#COL_HEADER	; the header panel (s0-s28)
    284  01ab		       85 09		      sta	COLUBK
    285  01ad		       a9 00		      lda	#0
    286  01af		       85 1b		      sta	GRP0
    287  01b1		       85 1c		      sta	GRP1
    288  01b3		       85 1b		      sta	GRP0
    289  01b5		       85 0d		      sta	PF0
    290  01b7		       85 0e		      sta	PF1
    291  01b9		       85 0f		      sta	PF2
    292  01bb		       85 1f		      sta	ENABL
    293  01bd		       85 1d		      sta	ENAM0
    294  01bf		       85 1e		      sta	ENAM1
    295  01c1		       85 0a		      sta	CTRLPF
    296  01c3
    297  01c3				   .vbWait
    298  01c3		       ad 84 02 	      lda	INTIM
    299  01c6		       d0 fb		      bne	.vbWait
    300  01c8		       85 02		      sta	WSYNC	; s0 starts
    301  01ca		       85 2b		      sta	HMCLR
    302  01cc		       a9 00		      lda	#0
    303  01ce		       85 01		      sta	VBLANK
    304  01d0		       a9 0d		      lda	#13
    305  01d2		       85 b0		      sta	lineCnt
    306  01d4		       a0 06		      ldy	#6
    307  01d6		       ad db f0 	      lda	R_state
    308  01d9		       c9 02		      cmp	#2
    309  01db		       d0 03		      bne	.title
    310  01dd		       4c 15 f2 	      jmp	.over
    311  01e0
    312  01e0							; s1-14: title, seven font rows of two lines
    313  01e0				   .title
    314  01e0		       85 02		      sta	WSYNC
    315  01e2		       b9 00 f8 	      lda	Title0,y
    316  01e5		       85 1b		      sta	GRP0
    317  01e7		       b9 07 f8 	      lda	Title1,y
    318  01ea		       85 1c		      sta	GRP1
    319  01ec		       b9 0e f8 	      lda	Title2,y
    320  01ef		       85 1b		      sta	GRP0
    321  01f1		       b9 1c f8 	      lda	Title4,y
    322  01f4		       aa		      tax
    323  01f5		       b9 23 f8 	      lda	Title5,y
    324  01f8		       85 ad		      sta	temp
    325  01fa		       b9 15 f8 	      lda	Title3,y
    326  01fd		       a4 ad		      ldy	temp
    327  01ff		       85 1c		      sta	GRP1	; lands on cycle 43
    328  0201		       86 1b		      stx	GRP0
    329  0203		       84 1c		      sty	GRP1
    330  0205		       85 1b		      sta	GRP0
    331  0207		       c6 b0		      dec	lineCnt
    332  0209		       30 07		      bmi	.titleDone
    333  020b		       a5 b0		      lda	lineCnt
    334  020d		       4a		      lsr
    335  020e		       a8		      tay
    336  020f		       4c e0 f1 	      jmp	.title
    337  0212				   .titleDone
    338  0212		       4c 47 f2 	      jmp	.header2
    339  0215
    340  0215				   .over		; the same with GAME OVER
    341  0215		       85 02		      sta	WSYNC
    342  0217		       b9 2a f8 	      lda	Over0,y
    343  021a		       85 1b		      sta	GRP0
    344  021c		       b9 31 f8 	      lda	Over1,y
    345  021f		       85 1c		      sta	GRP1
    346  0221		       b9 38 f8 	      lda	Over2,y
    347  0224		       85 1b		      sta	GRP0
    348  0226		       b9 46 f8 	      lda	Over4,y
    349  0229		       aa		      tax
    350  022a		       b9 4d f8 	      lda	Over5,y
    351  022d		       85 ad		      sta	temp
    352  022f		       b9 3f f8 	      lda	Over3,y
    353  0232		       a4 ad		      ldy	temp
    354  0234		       85 1c		      sta	GRP1
    355  0236		       86 1b		      stx	GRP0
    356  0238		       84 1c		      sty	GRP1
    357  023a		       85 1b		      sta	GRP0
    358  023c		       c6 b0		      dec	lineCnt
    359  023e		       30 07		      bmi	.header2
    360  0240		       a5 b0		      lda	lineCnt
    361  0242		       4a		      lsr
    362  0243		       a8		      tay
    363  0244		       4c 15 f2 	      jmp	.over
    364  0247
    365  0247				   .header2
    366  0247		       85 02		      sta	WSYNC	; s15
    367  0249		       a9 00		      lda	#0
    368  024b		       85 1b		      sta	GRP0
    369  024d		       85 1c		      sta	GRP1
    370  024f		       85 1b		      sta	GRP0
    371  0251		       a9 f8		      lda	#COL_GOLD
    372  0253		       85 06		      sta	COLUP0
    373  0255		       85 07		      sta	COLUP1
    374  0257		       a9 01		      lda	#1	; player 1: two copies (the text is 40 pixels)
    375  0259		       85 05		      sta	NUSIZ1
    376  025b		       a9 c8		      lda	#COL_GREEN
    377  025d		       85 08		      sta	COLUPF
    378  025f		       a0 00		      ldy	#0
    379  0261
    380  0261							; s16-25: the status line, five font rows of two lines (unrolled): the
    381  0261							; score and wave are 40-pixel text (player 0 three copies, player 1 two,
    382  0261							; x 54-93); the batteries are PF1 blocks in green, x 96-123. PF1 is cleared
    383  0261							; as each line starts, so the left half stays blank, and set after the
    384  0261							; text, before the beam reaches x 96 (cycle 54).
    385  0261					      MAC	statusline
    386  0261					      sta	WSYNC
    387  0261					      sty	PF1	; 0-2	  (Y = 0)
    388  0261					      bit	$80	; 3-5
    389  0261					      lda	R_cells+{1}	; 6-9
    390  0261					      sta	GRP0	; 10-12
    391  0261					      lda	R_cells+5+{1}	; 13-16
    392  0261					      sta	GRP1	; 17-19
    393  0261					      lda	R_cells+10+{1}	; 20-23
    394  0261					      sta	GRP0	; 24-26
    395  0261					      lda	R_cells+15+{1}	; 27-30  cell 3
    396  0261					      ldx	R_cells+20+{1}	; 31-34  cell 4
    397  0261					      ldy	R_cells+25+{1}	; 35-38  PF1: the batteries
    398  0261					      nop		; 39-40
    399  0261					      sta	GRP1	; 41-43  cell 2 shows, cell 3 waits
    400  0261					      stx	GRP0	; 44-46  cell 3 shows, cell 4 waits
    401  0261					      sty	GRP1	; 47-49  cell 4 shows (player 1 has no third copy)
    402  0261					      sty	PF1	; 50-52
    403  0261					      ldy	#0	; 53-54
    404  0261					      ENDM		; {1} = font row (bottom first)
      0  0261					      STATUSLINE	4
      1  0261		       85 02		      sta	WSYNC
      2  0263		       84 0e		      sty	PF1
      3  0265		       24 80		      bit	$80
      4  0267		       ad e6 f0 	      lda	R_cells+4
      5  026a		       85 1b		      sta	GRP0
      6  026c		       ad eb f0 	      lda	R_cells+5+4
      7  026f		       85 1c		      sta	GRP1
      8  0271		       ad f0 f0 	      lda	R_cells+10+4
      9  0274		       85 1b		      sta	GRP0
     10  0276		       ad f5 f0 	      lda	R_cells+15+4
     11  0279		       ae fa f0 	      ldx	R_cells+20+4
     12  027c		       ac ff f0 	      ldy	R_cells+25+4
     13  027f		       ea		      nop
     14  0280		       85 1c		      sta	GRP1
     15  0282		       86 1b		      stx	GRP0
     16  0284		       84 1c		      sty	GRP1
     17  0286		       84 0e		      sty	PF1
     18  0288		       a0 00		      ldy	#0
      0  028a					      STATUSLINE	4
      1  028a		       85 02		      sta	WSYNC
      2  028c		       84 0e		      sty	PF1
      3  028e		       24 80		      bit	$80
      4  0290		       ad e6 f0 	      lda	R_cells+4
      5  0293		       85 1b		      sta	GRP0
      6  0295		       ad eb f0 	      lda	R_cells+5+4
      7  0298		       85 1c		      sta	GRP1
      8  029a		       ad f0 f0 	      lda	R_cells+10+4
      9  029d		       85 1b		      sta	GRP0
     10  029f		       ad f5 f0 	      lda	R_cells+15+4
     11  02a2		       ae fa f0 	      ldx	R_cells+20+4
     12  02a5		       ac ff f0 	      ldy	R_cells+25+4
     13  02a8		       ea		      nop
     14  02a9		       85 1c		      sta	GRP1
     15  02ab		       86 1b		      stx	GRP0
     16  02ad		       84 1c		      sty	GRP1
     17  02af		       84 0e		      sty	PF1
     18  02b1		       a0 00		      ldy	#0
      0  02b3					      STATUSLINE	3
      1  02b3		       85 02		      sta	WSYNC
      2  02b5		       84 0e		      sty	PF1
      3  02b7		       24 80		      bit	$80
      4  02b9		       ad e5 f0 	      lda	R_cells+3
      5  02bc		       85 1b		      sta	GRP0
      6  02be		       ad ea f0 	      lda	R_cells+5+3
      7  02c1		       85 1c		      sta	GRP1
      8  02c3		       ad ef f0 	      lda	R_cells+10+3
      9  02c6		       85 1b		      sta	GRP0
     10  02c8		       ad f4 f0 	      lda	R_cells+15+3
     11  02cb		       ae f9 f0 	      ldx	R_cells+20+3
     12  02ce		       ac fe f0 	      ldy	R_cells+25+3
     13  02d1		       ea		      nop
     14  02d2		       85 1c		      sta	GRP1
     15  02d4		       86 1b		      stx	GRP0
     16  02d6		       84 1c		      sty	GRP1
     17  02d8		       84 0e		      sty	PF1
     18  02da		       a0 00		      ldy	#0
      0  02dc					      STATUSLINE	3
      1  02dc		       85 02		      sta	WSYNC
      2  02de		       84 0e		      sty	PF1
      3  02e0		       24 80		      bit	$80
      4  02e2		       ad e5 f0 	      lda	R_cells+3
      5  02e5		       85 1b		      sta	GRP0
      6  02e7		       ad ea f0 	      lda	R_cells+5+3
      7  02ea		       85 1c		      sta	GRP1
      8  02ec		       ad ef f0 	      lda	R_cells+10+3
      9  02ef		       85 1b		      sta	GRP0
     10  02f1		       ad f4 f0 	      lda	R_cells+15+3
     11  02f4		       ae f9 f0 	      ldx	R_cells+20+3
     12  02f7		       ac fe f0 	      ldy	R_cells+25+3
     13  02fa		       ea		      nop
     14  02fb		       85 1c		      sta	GRP1
     15  02fd		       86 1b		      stx	GRP0
     16  02ff		       84 1c		      sty	GRP1
     17  0301		       84 0e		      sty	PF1
     18  0303		       a0 00		      ldy	#0
      0  0305					      STATUSLINE	2
      1  0305		       85 02		      sta	WSYNC
      2  0307		       84 0e		      sty	PF1
      3  0309		       24 80		      bit	$80
      4  030b		       ad e4 f0 	      lda	R_cells+2
      5  030e		       85 1b		      sta	GRP0
      6  0310		       ad e9 f0 	      lda	R_cells+5+2
      7  0313		       85 1c		      sta	GRP1
      8  0315		       ad ee f0 	      lda	R_cells+10+2
      9  0318		       85 1b		      sta	GRP0
     10  031a		       ad f3 f0 	      lda	R_cells+15+2
     11  031d		       ae f8 f0 	      ldx	R_cells+20+2
     12  0320		       ac fd f0 	      ldy	R_cells+25+2
     13  0323		       ea		      nop
     14  0324		       85 1c		      sta	GRP1
     15  0326		       86 1b		      stx	GRP0
     16  0328		       84 1c		      sty	GRP1
     17  032a		       84 0e		      sty	PF1
     18  032c		       a0 00		      ldy	#0
      0  032e					      STATUSLINE	2
      1  032e		       85 02		      sta	WSYNC
      2  0330		       84 0e		      sty	PF1
      3  0332		       24 80		      bit	$80
      4  0334		       ad e4 f0 	      lda	R_cells+2
      5  0337		       85 1b		      sta	GRP0
      6  0339		       ad e9 f0 	      lda	R_cells+5+2
      7  033c		       85 1c		      sta	GRP1
      8  033e		       ad ee f0 	      lda	R_cells+10+2
      9  0341		       85 1b		      sta	GRP0
     10  0343		       ad f3 f0 	      lda	R_cells+15+2
     11  0346		       ae f8 f0 	      ldx	R_cells+20+2
     12  0349		       ac fd f0 	      ldy	R_cells+25+2
     13  034c		       ea		      nop
     14  034d		       85 1c		      sta	GRP1
     15  034f		       86 1b		      stx	GRP0
     16  0351		       84 1c		      sty	GRP1
     17  0353		       84 0e		      sty	PF1
     18  0355		       a0 00		      ldy	#0
      0  0357					      STATUSLINE	1
      1  0357		       85 02		      sta	WSYNC
      2  0359		       84 0e		      sty	PF1
      3  035b		       24 80		      bit	$80
      4  035d		       ad e3 f0 	      lda	R_cells+1
      5  0360		       85 1b		      sta	GRP0
      6  0362		       ad e8 f0 	      lda	R_cells+5+1
      7  0365		       85 1c		      sta	GRP1
      8  0367		       ad ed f0 	      lda	R_cells+10+1
      9  036a		       85 1b		      sta	GRP0
     10  036c		       ad f2 f0 	      lda	R_cells+15+1
     11  036f		       ae f7 f0 	      ldx	R_cells+20+1
     12  0372		       ac fc f0 	      ldy	R_cells+25+1
     13  0375		       ea		      nop
     14  0376		       85 1c		      sta	GRP1
     15  0378		       86 1b		      stx	GRP0
     16  037a		       84 1c		      sty	GRP1
     17  037c		       84 0e		      sty	PF1
     18  037e		       a0 00		      ldy	#0
      0  0380					      STATUSLINE	1
      1  0380		       85 02		      sta	WSYNC
      2  0382		       84 0e		      sty	PF1
      3  0384		       24 80		      bit	$80
      4  0386		       ad e3 f0 	      lda	R_cells+1
      5  0389		       85 1b		      sta	GRP0
      6  038b		       ad e8 f0 	      lda	R_cells+5+1
      7  038e		       85 1c		      sta	GRP1
      8  0390		       ad ed f0 	      lda	R_cells+10+1
      9  0393		       85 1b		      sta	GRP0
     10  0395		       ad f2 f0 	      lda	R_cells+15+1
     11  0398		       ae f7 f0 	      ldx	R_cells+20+1
     12  039b		       ac fc f0 	      ldy	R_cells+25+1
     13  039e		       ea		      nop
     14  039f		       85 1c		      sta	GRP1
     15  03a1		       86 1b		      stx	GRP0
     16  03a3		       84 1c		      sty	GRP1
     17  03a5		       84 0e		      sty	PF1
     18  03a7		       a0 00		      ldy	#0
      0  03a9					      STATUSLINE	0
      1  03a9		       85 02		      sta	WSYNC
      2  03ab		       84 0e		      sty	PF1
      3  03ad		       24 80		      bit	$80
      4  03af		       ad e2 f0 	      lda	R_cells+0
      5  03b2		       85 1b		      sta	GRP0
      6  03b4		       ad e7 f0 	      lda	R_cells+5+0
      7  03b7		       85 1c		      sta	GRP1
      8  03b9		       ad ec f0 	      lda	R_cells+10+0
      9  03bc		       85 1b		      sta	GRP0
     10  03be		       ad f1 f0 	      lda	R_cells+15+0
     11  03c1		       ae f6 f0 	      ldx	R_cells+20+0
     12  03c4		       ac fb f0 	      ldy	R_cells+25+0
     13  03c7		       ea		      nop
     14  03c8		       85 1c		      sta	GRP1
     15  03ca		       86 1b		      stx	GRP0
     16  03cc		       84 1c		      sty	GRP1
     17  03ce		       84 0e		      sty	PF1
     18  03d0		       a0 00		      ldy	#0
      0  03d2					      STATUSLINE	0
      1  03d2		       85 02		      sta	WSYNC
      2  03d4		       84 0e		      sty	PF1
      3  03d6		       24 80		      bit	$80
      4  03d8		       ad e2 f0 	      lda	R_cells+0
      5  03db		       85 1b		      sta	GRP0
      6  03dd		       ad e7 f0 	      lda	R_cells+5+0
      7  03e0		       85 1c		      sta	GRP1
      8  03e2		       ad ec f0 	      lda	R_cells+10+0
      9  03e5		       85 1b		      sta	GRP0
     10  03e7		       ad f1 f0 	      lda	R_cells+15+0
     11  03ea		       ae f6 f0 	      ldx	R_cells+20+0
     12  03ed		       ac fb f0 	      ldy	R_cells+25+0
     13  03f0		       ea		      nop
     14  03f1		       85 1c		      sta	GRP1
     15  03f3		       86 1b		      stx	GRP0
     16  03f5		       84 1c		      sty	GRP1
     17  03f7		       84 0e		      sty	PF1
     18  03f9		       a0 00		      ldy	#0
    415  03fb
    416  03fb		       85 02		      sta	WSYNC	; s26
    417  03fd		       84 0e		      sty	PF1	; (Y = 0)
    418  03ff		       a9 00		      lda	#0
    419  0401		       85 1b		      sta	GRP0
    420  0403		       85 1c		      sta	GRP1
    421  0405		       85 1b		      sta	GRP0
    422  0407		       85 25		      sta	VDELP0
    423  0409		       85 26		      sta	VDELP1
    424  040b		       4c e0 ff 	      jmp	ToBank1
    425  040e
    426  040e							;-------------------------------------------------------------------------------
    427  040e				   Overscan		; from bank 1, the line after s191
    428  040e		       a9 23		      lda	#OVERSCAN_TIME
    429  0410		       8d 96 02 	      sta	TIM64T
    430  0413		       20 d0 ff 	      jsr	CallLogic	; bank 2: the game
    431  0416				   .osWait
    432  0416		       ad 84 02 	      lda	INTIM
    433  0419		       d0 fb		      bne	.osWait
    434  041b		       4c 1f f1 	      jmp	MainLoop
    435  041e
    436  041e							;-------------------------------------------------------------------------------
    437  041e				   PosObject		; A = x, X = object (0 P0, 1 P1, 2 M0, 3 M1, 4 BL)
    438  041e					      SUBROUTINE
    439  041e		       85 02		      sta	WSYNC
    440  0420		       38		      sec
    441  0421				   .divide
    442  0421		       e9 0f		      sbc	#15
    443  0423		       b0 fc		      bcs	.divide
    444  0425		       49 07		      eor	#7
    445  0427		       0a		      asl
    446  0428		       0a		      asl
    447  0429		       0a		      asl
    448  042a		       0a		      asl
    449  042b		       95 20		      sta	HMP0,x
    450  042d		       95 10		      sta	RESP0,x
    451  042f		       60		      rts
    452  0430
    453  0430							;-------------------------------------------------------------------------------
    454  0430							; BuildStatus: rebuild the parts of the status line that changed (W_dirty).
    455  0430							; Cells (narrow 3x5 font, two characters per 8-pixel cell): 0-2 the score's
    456  0430							; last five digits (cell 2 holds one), 3 "W" + the wave's tens, 4 its ones;
    457  0430							; the sixth cell's bytes hold PF1: the batteries' two digits, in green.
    458  0430				   BuildStatus		; (one part per frame, to keep VBLANK short)
    459  0430					      SUBROUTINE
    460  0430		       ad e1 f0 	      lda	R_dirty	; game selection: the line reads GAME n
    461  0433		       29 20		      and	#$20
    462  0435		       f0 1e		      beq	.notGame
    463  0437		       ae bf f0 	      ldx	R_game
    464  043a		       bd 1c f9 	      lda	GameTextAt,x
    465  043d		       aa		      tax
    466  043e		       a0 00		      ldy	#0
    467  0440				   .game
    468  0440		       bd c2 f8 	      lda	GameText,x
    469  0443		       99 62 f0 	      sta	W_cells,y
    470  0446		       e8		      inx
    471  0447		       c8		      iny
    472  0448		       c0 1e		      cpy	#30
    473  044a		       d0 f4		      bne	.game
    474  044c		       ad e1 f0 	      lda	R_dirty
    475  044f		       29 df		      and	#$DF
    476  0451		       8d 61 f0 	      sta	W_dirty
    477  0454		       60		      rts
    478  0455				   .notGame
    479  0455							; the score's three cells one per frame: dirty bit 0, then 3, then 4
    480  0455		       ad e1 f0 	      lda	R_dirty
    481  0458		       29 19		      and	#$19
    482  045a		       f0 67		      beq	.noScore
    483  045c		       a2 00		      ldx	#0
    484  045e		       4a		      lsr
    485  045f		       b0 07		      bcs	.cell
    486  0461		       e8		      inx
    487  0462		       4a		      lsr
    488  0463		       4a		      lsr
    489  0464		       4a		      lsr
    490  0465		       b0 01		      bcs	.cell
    491  0467		       e8		      inx
    492  0468				   .cell		; cell X: the low digit of score byte X, then
    493  0468		       86 b0		      stx	temp+3	; the high digit of byte X+1 (cell 2: a blank)
    494  046a		       bd cd f0 	      lda	R_score,x
    495  046d		       29 0f		      and	#$0F
    496  046f		       85 ad		      sta	temp
    497  0471		       0a		      asl
    498  0472		       0a		      asl
    499  0473		       65 ad		      adc	temp
    500  0475		       85 ad		      sta	temp	; first digit * 5
    501  0477		       a9 32		      lda	#50	; (DigitLo + 50 is blank)
    502  0479		       e0 02		      cpx	#2
    503  047b		       f0 0d		      beq	.last
    504  047d		       bd ce f0 	      lda	R_score+1,x
    505  0480		       4a		      lsr
    506  0481		       4a		      lsr
    507  0482		       4a		      lsr
    508  0483		       4a		      lsr
    509  0484		       85 ae		      sta	temp+1
    510  0486		       0a		      asl
    511  0487		       0a		      asl
    512  0488		       65 ae		      adc	temp+1
    513  048a				   .last
    514  048a		       85 ae		      sta	temp+1	; second digit * 5
    515  048c		       a5 b0		      lda	temp+3
    516  048e		       0a		      asl
    517  048f		       0a		      asl
    518  0490		       65 b0		      adc	temp+3
    519  0492		       85 af		      sta	temp+2	; destination: cell * 5
    520  0494		       a0 04		      ldy	#4
    521  0496				   .row
    522  0496		       a6 ad		      ldx	temp
    523  0498		       bd 54 f8 	      lda	DigitHi,x
    524  049b		       a6 ae		      ldx	temp+1
    525  049d		       1d 86 f8 	      ora	DigitLo,x
    526  04a0		       a6 af		      ldx	temp+2
    527  04a2		       9d 62 f0 	      sta	W_cells,x
    528  04a5		       e6 ad		      inc	temp
    529  04a7		       e6 ae		      inc	temp+1
    530  04a9		       e6 af		      inc	temp+2
    531  04ab		       88		      dey
    532  04ac		       10 e8		      bpl	.row
    533  04ae		       a6 b0		      ldx	temp+3
    534  04b0		       ad e1 f0 	      lda	R_dirty
    535  04b3		       3d bd f4 	      and	ScoreDone,x
    536  04b6		       1d c0 f4 	      ora	ScoreNext,x
    537  04b9		       8d 61 f0 	      sta	W_dirty
    538  04bc		       60		      rts
    539  04bd		       fe f7 ef    ScoreDone  .byte.b	$FE, $F7, $EF	; clear this cell's bit ...
    540  04c0		       08 10 00    ScoreNext  .byte.b	$08, $10, $00	; ... and ask for the next
    541  04c3				   .noScore
    542  04c3		       ad e1 f0 	      lda	R_dirty
    543  04c6		       29 02		      and	#2
    544  04c8		       f0 27		      beq	.noBatt
    545  04ca		       ae d1 f0 	      ldx	R_batt
    546  04cd		       20 28 f5 	      jsr	TwoDigits	; temp = tens*5, temp+1 = ones*5
    547  04d0		       a0 00		      ldy	#0
    548  04d2				   .batt
    549  04d2		       a6 ad		      ldx	temp
    550  04d4		       bd 54 f8 	      lda	DigitHi,x
    551  04d7		       a6 ae		      ldx	temp+1
    552  04d9		       1d 86 f8 	      ora	DigitLo,x
    553  04dc		       99 7b f0 	      sta	W_cells+25,y	; PF1
    554  04df		       e6 ad		      inc	temp
    555  04e1		       e6 ae		      inc	temp+1
    556  04e3		       c8		      iny
    557  04e4		       c0 05		      cpy	#5
    558  04e6		       d0 ea		      bne	.batt
    559  04e8		       ad e1 f0 	      lda	R_dirty
    560  04eb		       29 fd		      and	#$FD
    561  04ed		       8d 61 f0 	      sta	W_dirty
    562  04f0		       60		      rts
    563  04f1				   .noBatt
    564  04f1		       ad e1 f0 	      lda	R_dirty
    565  04f4		       29 04		      and	#4
    566  04f6		       f0 2a		      beq	.done
    567  04f8		       ae d0 f0 	      ldx	R_wave
    568  04fb		       e0 64		      cpx	#100
    569  04fd		       90 02		      bcc	.w
    570  04ff		       a2 63		      ldx	#99
    571  0501				   .w
    572  0501		       20 28 f5 	      jsr	TwoDigits
    573  0504		       a0 00		      ldy	#0
    574  0506				   .wave
    575  0506		       a6 ad		      ldx	temp
    576  0508		       bd 86 f8 	      lda	DigitLo,x
    577  050b		       19 bd f8 	      ora	WHi,y
    578  050e		       99 71 f0 	      sta	W_cells+15,y
    579  0511		       a6 ae		      ldx	temp+1
    580  0513		       bd 54 f8 	      lda	DigitHi,x
    581  0516		       99 76 f0 	      sta	W_cells+20,y
    582  0519		       e6 ad		      inc	temp
    583  051b		       e6 ae		      inc	temp+1
    584  051d		       c8		      iny
    585  051e		       c0 05		      cpy	#5
    586  0520		       d0 e4		      bne	.wave
    587  0522				   .done
    588  0522		       a9 00		      lda	#0
    589  0524		       8d 61 f0 	      sta	W_dirty
    590  0527		       60		      rts
    591  0528
    592  0528				   TwoDigits		; X = 0-99 -> temp = tens*5, temp+1 = ones*5
    593  0528		       bd 20 f9 	      lda	Bin2BCD,x
    594  052b		       4a		      lsr
    595  052c		       4a		      lsr
    596  052d		       4a		      lsr
    597  052e		       4a		      lsr
    598  052f		       85 ad		      sta	temp
    599  0531		       0a		      asl
    600  0532		       0a		      asl
    601  0533		       65 ad		      adc	temp
    602  0535		       85 ad		      sta	temp
    603  0537		       bd 20 f9 	      lda	Bin2BCD,x
    604  053a		       29 0f		      and	#$0F
    605  053c		       85 ae		      sta	temp+1
    606  053e		       0a		      asl
    607  053f		       0a		      asl
    608  0540		       65 ae		      adc	temp+1
    609  0542		       85 ae		      sta	temp+1
    610  0544		       60		      rts
    611  0545
    612  0545							;-------------------------------------------------------------------------------
    613  0545							; SelectEnemies (VBLANK): decide which enemies player 1 draws this frame. Each enemy needs rows E-1 .. feet, where E is its event row (the
    614  0545							; first row at or above top-1 that the kernel allows) and E-1 is blank. They
    615  0545							; are sorted by E; one that overlaps an enemy already taken waits.
    616  0545				   SelectEnemies
    617  0545					      SUBROUTINE
    618  0545		       a2 04		      ldx	#NENEMY-1	; (eFeet/eTop come from EnemyRows in bank 2)
    619  0547				   .clear
    620  0547		       b5 a8		      lda	eOrder,x	; forget last frame's choice, keep the order
    621  0549		       29 7f		      and	#$7F
    622  054b		       95 a8		      sta	eOrder,x
    623  054d		       ca		      dex
    624  054e		       10 f7		      bpl	.clear
    625  0550							; insertion sort of eOrder by eTop (nearly sorted already: cheap)
    626  0550		       a2 01		      ldx	#1
    627  0552				   .so
    628  0552		       86 b0		      stx	temp+3
    629  0554		       b5 a8		      lda	eOrder,x
    630  0556		       85 ad		      sta	temp
    631  0558		       a8		      tay
    632  0559		       b9 9e 00 	      lda	eTop,y
    633  055c		       85 ae		      sta	temp+1
    634  055e		       a4 b0		      ldy	temp+3
    635  0560				   .si
    636  0560		       b6 a7		      ldx	eOrder-1,y
    637  0562		       b5 9e		      lda	eTop,x
    638  0564		       c5 ae		      cmp	temp+1
    639  0566		       90 0d		      bcc	.place
    640  0568		       d0 04		      bne	.shift
    641  056a		       e4 ad		      cpx	temp	; same event row: the lower enemy number first
    642  056c		       90 07		      bcc	.place
    643  056e				   .shift
    644  056e		       8a		      txa
    645  056f		       99 a8 00 	      sta	eOrder,y
    646  0572		       88		      dey
    647  0573		       d0 eb		      bne	.si
    648  0575				   .place
    649  0575		       a5 ad		      lda	temp
    650  0577		       99 a8 00 	      sta	eOrder,y
    651  057a		       a6 b0		      ldx	temp+3
    652  057c		       e8		      inx
    653  057d		       e0 05		      cpx	#NENEMY
    654  057f		       d0 d1		      bne	.so
    655  0581							; choose: walk the sorted list from position (frame & 7) mod n, wrapping,
    656  0581							; and take each enemy whose rows (event row - 1 .. feet) miss every enemy
    657  0581							; taken so far. The start moves every frame, so overlapping ones take turns.
    658  0581		       a2 00		      ldx	#0
    659  0583				   .count
    660  0583		       b4 a8		      ldy	eOrder,x
    661  0585		       b9 9e 00 	      lda	eTop,y
    662  0588		       c9 ff		      cmp	#$FF
    663  058a		       f0 05		      beq	.counted
    664  058c		       e8		      inx
    665  058d		       e0 05		      cpx	#NENEMY
    666  058f		       d0 f2		      bne	.count
    667  0591				   .counted
    668  0591		       86 b0		      stx	temp+3	; n
    669  0593		       8a		      txa
    670  0594		       f0 73		      beq	.selDone
    671  0596		       85 ae		      sta	temp+1	; candidates left
    672  0598		       a5 9c		      lda	frame
    673  059a		       29 07		      and	#7	; start: (frame & 7) mod n, so it visits every position
    674  059c		       38		      sec
    675  059d				   .mod
    676  059d		       e5 b0		      sbc	temp+3
    677  059f		       b0 fc		      bcs	.mod
    678  05a1		       65 b0		      adc	temp+3
    679  05a3		       85 af		      sta	temp+2
    680  05a5							;   The list is sorted by event row, so within each run (start..n-1, then
    681  05a5							;   0..start-1) a candidate can only overlap the last enemy taken in that
    682  05a5							;   run; in the second run it must also end above the first enemy taken in
    683  05a5							;   the first. QUEUE+0..3 (free until Schedule): last taken feet, any taken
    684  05a5							;   in this run, first run's first event row, in the second run.
    685  05a5		       a9 00		      lda	#0
    686  05a7		       85 bb		      sta	QUEUE+1
    687  05a9		       85 bd		      sta	QUEUE+3
    688  05ab		       a9 ff		      lda	#$FF
    689  05ad		       85 bc		      sta	QUEUE+2
    690  05af				   .cand
    691  05af		       a6 af		      ldx	temp+2
    692  05b1		       b4 a8		      ldy	eOrder,x
    693  05b3		       b9 9e 00 	      lda	eTop,y
    694  05b6		       f0 3b		      beq	.reject	; no usable event row
    695  05b8		       38		      sec
    696  05b9		       e9 01		      sbc	#1
    697  05bb		       85 ad		      sta	temp	; candidate event row - 1
    698  05bd		       a5 bb		      lda	QUEUE+1
    699  05bf		       f0 06		      beq	.noPrev
    700  05c1		       a5 ba		      lda	QUEUE
    701  05c3		       c5 ad		      cmp	temp
    702  05c5		       b0 2c		      bcs	.reject	; the last one taken ends at or below it
    703  05c7				   .noPrev
    704  05c7		       a5 bd		      lda	QUEUE+3
    705  05c9		       f0 0a		      beq	.take
    706  05cb		       b9 a3 00 	      lda	eFeet,y
    707  05ce		       18		      clc
    708  05cf		       69 01		      adc	#1
    709  05d1		       c5 bc		      cmp	QUEUE+2
    710  05d3		       b0 1e		      bcs	.reject	; second run: must end above the first run's first
    711  05d5				   .take
    712  05d5		       b9 a3 00 	      lda	eFeet,y
    713  05d8		       85 ba		      sta	QUEUE
    714  05da		       a9 01		      lda	#1
    715  05dc		       85 bb		      sta	QUEUE+1
    716  05de		       a5 bd		      lda	QUEUE+3
    717  05e0		       d0 0b		      bne	.mark
    718  05e2		       a5 bc		      lda	QUEUE+2
    719  05e4		       c9 ff		      cmp	#$FF
    720  05e6		       d0 05		      bne	.mark
    721  05e8		       b9 9e 00 	      lda	eTop,y
    722  05eb		       85 bc		      sta	QUEUE+2
    723  05ed				   .mark
    724  05ed		       b5 a8		      lda	eOrder,x
    725  05ef		       09 80		      ora	#$80
    726  05f1		       95 a8		      sta	eOrder,x
    727  05f3				   .reject
    728  05f3		       e6 af		      inc	temp+2
    729  05f5		       a5 af		      lda	temp+2
    730  05f7		       c5 b0		      cmp	temp+3
    731  05f9		       d0 0a		      bne	.noWrap
    732  05fb		       a9 00		      lda	#0
    733  05fd		       85 af		      sta	temp+2
    734  05ff		       85 bb		      sta	QUEUE+1
    735  0601		       a9 01		      lda	#1
    736  0603		       85 bd		      sta	QUEUE+3
    737  0605				   .noWrap
    738  0605		       c6 ae		      dec	temp+1
    739  0607		       d0 a6		      bne	.cand
    740  0609				   .selDone
    741  0609		       60		      rts
    742  060a
    743  060a							;-------------------------------------------------------------------------------
    744  060a							; Schedule (VBLANK): the event queue for the enemies SelectEnemies took, one
    745  060a							; 8-byte record per enemy in row order. Each enemy's graphics are padded with
    746  060a							; only 40 zeros, so its pointer must be replaced within 40 rows of it: an
    747  060a							; event row comes at most 41 rows after the previous enemy's feet, and after
    748  060a							; the last enemy a park record points player 1 at zeros.
    749  060a				   Schedule
    750  060a					      SUBROUTINE
    751  060a		       a9 00		      lda	#0
    752  060c		       85 af		      sta	evPrevF
    753  060e		       85 b0		      sta	temp+3
    754  0610		       a9 ff		      lda	#$FF
    755  0612		       85 8e		      sta	nextEv
    756  0614		       a2 00		      ldx	#0
    757  0616				   .q
    758  0616		       a4 b0		      ldy	temp+3
    759  0618		       b9 a8 00 	      lda	eOrder,y
    760  061b		       30 03		      bmi	.qTaken
    761  061d		       4c fc f6 	      jmp	.qNext
    762  0620				   .qTaken
    763  0620		       29 7f		      and	#$7F
    764  0622		       a8		      tay
    765  0623		       b9 9e 00 	      lda	eTop,y
    766  0626		       85 ad		      sta	temp	; the latest usable event row
    767  0628		       e0 00		      cpx	#0
    768  062a		       f0 2a		      beq	.qRow	; the first enemy: no limit
    769  062c		       a5 af		      lda	evPrevF
    770  062e		       18		      clc
    771  062f		       69 29		      adc	#41
    772  0631		       c5 ad		      cmp	temp
    773  0633		       b0 21		      bcs	.qRow
    774  0635		       85 ad		      sta	temp	; at most 41 rows after the previous feet ...
    775  0637		       e6 ad		      inc	temp
    776  0639				   .qDec
    777  0639		       c6 ad		      dec	temp	; ... on a row the kernel allows ...
    778  063b		       b9 a3 00 	      lda	eFeet,y
    779  063e		       38		      sec
    780  063f		       e9 33		      sbc	#51
    781  0641		       90 06		      bcc	.qBad
    782  0643		       c5 ad		      cmp	temp
    783  0645		       f0 02		      beq	.qBad
    784  0647		       b0 16		      bcs	.qSkip	; ... and at most 41 rows above its top
    785  0649				   .qBad
    786  0649		       84 ae		      sty	temp+1
    787  064b		       a4 ad		      ldy	temp
    788  064d		       b9 64 fb 	      lda	RowBad,y
    789  0650		       a4 ae		      ldy	temp+1
    790  0652		       c9 00		      cmp	#0
    791  0654		       d0 e3		      bne	.qDec
    792  0656				   .qRow
    793  0656		       a5 af		      lda	evPrevF
    794  0658		       18		      clc
    795  0659		       69 01		      adc	#1
    796  065b		       c5 ad		      cmp	temp
    797  065d		       90 03		      bcc	.qOk
    798  065f				   .qSkip
    799  065f		       4c fc f6 	      jmp	.qNext	; needs event row > previous feet + 1
    800  0662				   .qOk
    801  0662		       a9 4f		      lda	#79
    802  0664		       38		      sec
    803  0665		       e5 ad		      sbc	temp	; y of the event row
    804  0667		       e0 00		      cpx	#0
    805  0669		       d0 05		      bne	.link
    806  066b		       85 8e		      sta	nextEv
    807  066d		       4c 72 f6 	      jmp	.rec
    808  0670				   .link
    809  0670		       95 b9		      sta	QUEUE-1,x
    810  0672				   .rec
    811  0672		       b9 80 f0 	      lda	R_eX,y
    812  0675		       84 ae		      sty	temp+1
    813  0677		       a8		      tay
    814  0678		       b9 c4 fa 	      lda	XHm,y
    815  067b		       95 c0		      sta	QUEUE+6,x
    816  067d		       b9 24 fa 	      lda	XVar,y
    817  0680		       a8		      tay
    818  0681		       b9 e1 fb 	      lda	VarLo,y
    819  0684		       95 ba		      sta	QUEUE,x
    820  0686		       b9 e9 fb 	      lda	VarHi,y
    821  0689		       95 bb		      sta	QUEUE+1,x
    822  068b		       a4 ae		      ldy	temp+1
    823  068d		       b9 a3 00 	      lda	eFeet,y
    824  0690		       95 be		      sta	QUEUE+4,x
    825  0692		       85 af		      sta	evPrevF
    826  0694		       b9 94 f0 	      lda	R_eState,y	; color page for this kind of enemy; hurt (half
    827  0697		       29 30		      and	#$30	; or less), the other one (red <-> orange); a
    828  0699		       f0 15		      beq	.plainCol	; quarter or less, flickering between them
    829  069b		       29 10		      and	#$10
    830  069d		       f0 05		      beq	.otherCol
    831  069f		       a5 9c		      lda	frame
    832  06a1		       4a		      lsr
    833  06a2		       90 0c		      bcc	.plainCol
    834  06a4				   .otherCol
    835  06a4		       b9 8a f0 	      lda	R_eType,y
    836  06a7		       a8		      tay
    837  06a8		       b9 f1 fb 	      lda	EnColHi,y
    838  06ab		       49 06		      eor	#>ColArr ^ >ColOrange
    839  06ad		       4c b7 f6 	      jmp	.col
    840  06b0				   .plainCol
    841  06b0		       b9 8a f0 	      lda	R_eType,y
    842  06b3		       a8		      tay
    843  06b4		       b9 f1 fb 	      lda	EnColHi,y
    844  06b7				   .col
    845  06b7		       95 bf		      sta	QUEUE+5,x
    846  06b9		       a4 ae		      ldy	temp+1
    847  06bb		       b9 80 f0 	      lda	R_eX,y	; walking frame: (x >> 2) & 1
    848  06be		       4a		      lsr
    849  06bf		       4a		      lsr
    850  06c0		       29 01		      and	#1
    851  06c2		       95 c1		      sta	QUEUE+7,x	; (scratch until the next record links here)
    852  06c4		       b9 8a f0 	      lda	R_eType,y
    853  06c7		       0a		      asl
    854  06c8		       15 c1		      ora	QUEUE+7,x
    855  06ca		       95 c1		      sta	QUEUE+7,x
    856  06cc		       b9 8a f0 	      lda	R_eType,y
    857  06cf		       c9 05		      cmp	#5	; a knight without its shield: the charge frame
    858  06d1		       d0 0b		      bne	.frame
    859  06d3		       b9 94 f0 	      lda	R_eState,y
    860  06d6		       29 40		      and	#$40
    861  06d8		       f0 04		      beq	.frame
    862  06da		       a9 14		      lda	#20	; (index 20 of EBase: the charge frame)
    863  06dc		       95 c1		      sta	QUEUE+7,x
    864  06de				   .frame
    865  06de		       b4 c1		      ldy	QUEUE+7,x
    866  06e0		       b5 be		      lda	QUEUE+4,x
    867  06e2		       18		      clc
    868  06e3		       79 b7 fb 	      adc	EBaseLo,y
    869  06e6		       95 bc		      sta	QUEUE+2,x
    870  06e8		       b9 cc fb 	      lda	EBaseHi,y
    871  06eb		       69 00		      adc	#0
    872  06ed		       95 bd		      sta	QUEUE+3,x
    873  06ef		       a9 ff		      lda	#$FF
    874  06f1		       95 c1		      sta	QUEUE+7,x
    875  06f3		       8a		      txa
    876  06f4		       18		      clc
    877  06f5		       69 08		      adc	#8
    878  06f7		       aa		      tax
    879  06f8		       e0 28		      cpx	#40
    880  06fa		       b0 0b		      bcs	.park
    881  06fc				   .qNext
    882  06fc		       e6 b0		      inc	temp+3
    883  06fe		       a5 b0		      lda	temp+3
    884  0700		       c9 05		      cmp	#NENEMY
    885  0702		       f0 03		      beq	.park
    886  0704		       4c 16 f6 	      jmp	.q
    887  0707				   .park		; after the last enemy: point player 1 at zeros
    888  0707		       e0 00		      cpx	#0
    889  0709		       f0 44		      beq	.done
    890  070b		       a5 af		      lda	evPrevF
    891  070d		       c9 27		      cmp	#39
    892  070f		       b0 3e		      bcs	.done	; rows below it to the end: 40 at most
    893  0711		       18		      clc
    894  0712		       69 29		      adc	#41
    895  0714		       c9 4e		      cmp	#78
    896  0716		       90 02		      bcc	.pRow
    897  0718		       a9 4d		      lda	#77
    898  071a				   .pRow
    899  071a		       85 ad		      sta	temp
    900  071c				   .pDec
    901  071c		       a4 ad		      ldy	temp
    902  071e		       b9 64 fb 	      lda	RowBad,y
    903  0721		       f0 05		      beq	.pOk
    904  0723		       c6 ad		      dec	temp
    905  0725		       4c 1c f7 	      jmp	.pDec
    906  0728				   .pOk
    907  0728		       a9 4f		      lda	#79
    908  072a		       38		      sec
    909  072b		       e5 ad		      sbc	temp
    910  072d		       95 b9		      sta	QUEUE-1,x
    911  072f		       ad e1 fb 	      lda	VarLo
    912  0732		       95 ba		      sta	QUEUE,x
    913  0734		       ad e9 fb 	      lda	VarHi
    914  0737		       95 bb		      sta	QUEUE+1,x
    915  0739		       a9 00		      lda	#<Zeros
    916  073b		       95 bc		      sta	QUEUE+2,x
    917  073d		       a9 f6		      lda	#>Zeros
    918  073f		       95 bd		      sta	QUEUE+3,x
    919  0741		       a9 00		      lda	#0
    920  0743		       95 be		      sta	QUEUE+4,x
    921  0745		       95 c0		      sta	QUEUE+6,x
    922  0747		       a9 f2		      lda	#>ColArr
    923  0749		       95 bf		      sta	QUEUE+5,x
    924  074b		       a9 ff		      lda	#$FF
    925  074d		       95 c1		      sta	QUEUE+7,x
    926  074f				   .done
    927  074f		       60		      rts
    928  0750
------- FILE gen/bank0.inc LEVEL 2 PASS 2
      0  0750					      include	"gen/bank0.inc"
      1  0750							; generated by tools/gen.mjs -- do not edit
      2  0800		       00 00 00 00*	      ALIGN	256
      3  0800				   Title0
      4  0800		       21 23 22 22*	      .byte.b	$21,$23,$22,$22,$22,$FB,$F9
      5  0807				   Title1
      6  0807		       c2 62 22 22*	      .byte.b	$C2,$62,$22,$22,$27,$6D,$C8
      7  080e				   Title2
      8  080e		       00 00 00 00*	      .byte.b	$00,$00,$00,$00,$00,$80,$80
      9  0815				   Title3
     10  0815		       8a da fa ab*	      .byte.b	$8A,$DA,$FA,$AB,$AA,$8B,$89
     11  081c				   Title4
     12  081c		       28 29 2b ef*	      .byte.b	$28,$29,$2B,$EF,$28,$69,$CF
     13  0823				   Title5
     14  0823		       bc 86 06 1c*	      .byte.b	$BC,$86,$06,$1C,$B0,$B0,$1E
     15  082a				   Over0
     16  082a		       3a 4a 4a 5b*	      .byte.b	$3A,$4A,$4A,$5B,$42,$42,$39
     17  0831				   Over1
     18  0831		       52 52 52 d2*	      .byte.b	$52,$52,$52,$D2,$5E,$5E,$92
     19  0838				   Over2
     20  0838		       f0 80 80 e0*	      .byte.b	$F0,$80,$80,$E0,$80,$80,$F0
     21  083f				   Over3
     22  083f		       18 24 25 25*	      .byte.b	$18,$24,$25,$25,$25,$25,$19
     23  0846				   Over4
     24  0846		       cf c8 28 2e*	      .byte.b	$CF,$C8,$28,$2E,$28,$28,$2F
     25  084d				   Over5
     26  084d		       48 48 50 70*	      .byte.b	$48,$48,$50,$70,$48,$48,$70
     27  0854				   DigitHi
     28  0854		       e0 a0 a0 a0*	      .byte.b	$E0,$A0,$A0,$A0,$E0,$E0,$40,$40,$C0,$40,$E0,$80,$E0,$20,$E0,$E0
     29  0864		       20 60 20 e0*	      .byte.b	$20,$60,$20,$E0,$20,$20,$E0,$A0,$A0,$E0,$20,$E0,$80,$E0,$E0,$A0
     30  0874		       e0 80 e0 40*	      .byte.b	$E0,$80,$E0,$40,$40,$20,$20,$E0,$E0,$A0,$E0,$A0,$E0,$E0,$20,$E0
     31  0884		       a0 e0		      .byte.b	$A0,$E0
     32  0886				   DigitLo
     33  0886		       0e 0a 0a 0a*	      .byte.b	$0E,$0A,$0A,$0A,$0E,$0E,$04,$04,$0C,$04,$0E,$08,$0E,$02,$0E,$0E
     34  0896		       02 06 02 0e*	      .byte.b	$02,$06,$02,$0E,$02,$02,$0E,$0A,$0A,$0E,$02,$0E,$08,$0E,$0E,$0A
     35  08a6		       0e 08 0e 04*	      .byte.b	$0E,$08,$0E,$04,$04,$02,$02,$0E,$0E,$0A,$0E,$0A,$0E,$0E,$02,$0E
     36  08b6		       0a 0e 00 00*	      .byte.b	$0A,$0E,$00,$00,$00,$00,$00
     37  08bd				   WHi
     38  08bd		       a0 e0 e0 a0*	      .byte.b	$A0,$E0,$E0,$A0,$A0
     39  08c2				   GameText
     40  08c2		       00 00 00 00*	      .byte.b	$00,$00,$00,$00,$00,$EA,$AA,$AE,$8A,$E4,$AE,$A8,$EC,$E8,$AE,$0E
     41  08d2		       04 04 0c 04*	      .byte.b	$04,$04,$0C,$04,$00,$00,$00,$00,$00,$00,$00,$00,$00,$00,$00,$00
     42  08e2		       00 00 00 ea*	      .byte.b	$00,$00,$00,$EA,$AA,$AE,$8A,$E4,$AE,$A8,$EC,$E8,$AE,$0E,$08,$0E
     43  08f2		       02 0e 00 00*	      .byte.b	$02,$0E,$00,$00,$00,$00,$00,$00,$00,$00,$00,$00,$00,$00,$00,$00
     44  0902		       00 ea aa ae*	      .byte.b	$00,$EA,$AA,$AE,$8A,$E4,$AE,$A8,$EC,$E8,$AE,$0E,$02,$06,$02,$0E
     45  0912		       00 00 00 00*	      .byte.b	$00,$00,$00,$00,$00,$00,$00,$00,$00,$00
     46  091c				   GameTextAt
     47  091c		       00 00 1e 3c	      .byte.b	0, 0, 30, 60
     48  0920				   Bin2BCD
     49  0920		       00 01 02 03*	      .byte.b	$00,$01,$02,$03,$04,$05,$06,$07,$08,$09,$10,$11,$12,$13,$14,$15
     50  0930		       16 17 18 19*	      .byte.b	$16,$17,$18,$19,$20,$21,$22,$23,$24,$25,$26,$27,$28,$29,$30,$31
     51  0940		       32 33 34 35*	      .byte.b	$32,$33,$34,$35,$36,$37,$38,$39,$40,$41,$42,$43,$44,$45,$46,$47
     52  0950		       48 49 50 51*	      .byte.b	$48,$49,$50,$51,$52,$53,$54,$55,$56,$57,$58,$59,$60,$61,$62,$63
     53  0960		       64 65 66 67*	      .byte.b	$64,$65,$66,$67,$68,$69,$70,$71,$72,$73,$74,$75,$76,$77,$78,$79
     54  0970		       80 81 82 83*	      .byte.b	$80,$81,$82,$83,$84,$85,$86,$87,$88,$89,$90,$91,$92,$93,$94,$95
     55  0980		       96 97 98 99	      .byte.b	$96,$97,$98,$99
     56  0984				   FeetX
     57  0984		       15 15 15 15*	      .byte.b	$15,$15,$15,$15,$15,$14,$14,$14,$14,$14,$14,$13,$13,$13,$13,$13
     58  0994		       13 12 12 12*	      .byte.b	$13,$12,$12,$12,$12,$12,$12,$11,$11,$11,$11,$11,$11,$10,$10,$10
     59  09a4		       10 10 10 0f*	      .byte.b	$10,$10,$10,$0F,$0F,$0F,$0F,$0F,$0F,$0E,$0E,$0E,$0E,$0E,$0E,$0D
     60  09b4		       0d 0d 0d 0d*	      .byte.b	$0D,$0D,$0D,$0D,$0D,$0C,$0C,$0C,$0C,$0C,$0C,$0B,$0B,$0B,$0B,$0B
     61  09c4		       0b 0a 0a 0a*	      .byte.b	$0B,$0A,$0A,$0A,$0A,$0A,$0A,$09,$09,$09,$09,$09,$09,$08,$08,$08
     62  09d4		       08 08 08 07*	      .byte.b	$08,$08,$08,$07,$07,$07,$07,$07,$07,$06,$06,$06,$06,$06,$06,$05
     63  09e4		       05 05 05 05*	      .byte.b	$05,$05,$05,$05,$05,$04,$04,$04,$04,$04,$04,$03,$03,$03,$03,$03
     64  09f4		       03 02 02 02*	      .byte.b	$03,$02,$02,$02,$02,$02,$02,$01,$01,$01,$01,$01,$01,$00,$00,$00
     65  0a04		       00 00 00 ff*	      .byte.b	$00,$00,$00,$FF,$FF,$FF,$FF,$FF,$FF,$FE,$FE,$FE,$FE,$FE,$FE,$FD
     66  0a14		       fd fd fd fd*	      .byte.b	$FD,$FD,$FD,$FD,$FD,$FC,$FC,$FC,$FC,$FC,$FC,$FB,$FB,$FB,$FB,$FB
     67  0a24				   XVar
     68  0a24		       00 00 00 00*	      .byte.b	$00,$00,$00,$00,$00,$00,$00,$00,$00,$00,$00,$00,$00,$00,$00,$00
     69  0a34		       00 00 00 00*	      .byte.b	$00,$00,$00,$00,$00,$00,$00,$00,$00,$00,$00,$00,$00,$00,$00,$00
     70  0a44		       00 00 00 00*	      .byte.b	$00,$00,$00,$00,$00,$00,$00,$00,$00,$00,$00,$00,$00,$00,$00,$00
     71  0a54		       00 00 01 01*	      .byte.b	$00,$00,$01,$01,$01,$01,$01,$01,$01,$01,$01,$01,$01,$01,$01,$01
     72  0a64		       01 02 02 02*	      .byte.b	$01,$02,$02,$02,$02,$02,$02,$02,$02,$02,$02,$02,$02,$02,$02,$02
     73  0a74		       03 03 03 03*	      .byte.b	$03,$03,$03,$03,$03,$03,$03,$03,$03,$03,$03,$03,$03,$03,$03,$04
     74  0a84		       04 04 04 04*	      .byte.b	$04,$04,$04,$04,$04,$04,$04,$04,$04,$04,$04,$04,$04,$04,$05,$05
     75  0a94		       05 05 05 05*	      .byte.b	$05,$05,$05,$05,$05,$05,$05,$05,$05,$05,$05,$05,$05,$06,$06,$06
     76  0aa4		       06 06 06 06*	      .byte.b	$06,$06,$06,$06,$06,$06,$06,$06,$06,$06,$06,$06,$07,$07,$07,$07
     77  0ab4		       07 07 07 07*	      .byte.b	$07,$07,$07,$07,$07,$07,$07,$07,$07,$07,$07,$07,$07,$07,$07,$07
     78  0ac4				   XHm
     79  0ac4		       70 70 70 70*	      .byte.b	$70,$70,$70,$70,$70,$70,$70,$70,$70,$70,$70,$70,$70,$70,$70,$70
     80  0ad4		       70 70 70 70*	      .byte.b	$70,$70,$70,$70,$70,$70,$70,$70,$70,$70,$70,$70,$70,$70,$70,$70
     81  0ae4		       70 70 70 70*	      .byte.b	$70,$70,$70,$70,$60,$50,$40,$30,$20,$10,$00,$F0,$E0,$D0,$C0,$B0
     82  0af4		       a0 90 70 60*	      .byte.b	$A0,$90,$70,$60,$50,$40,$30,$20,$10,$00,$F0,$E0,$D0,$C0,$B0,$A0
     83  0b04		       90 70 60 50*	      .byte.b	$90,$70,$60,$50,$40,$30,$20,$10,$00,$F0,$E0,$D0,$C0,$B0,$A0,$90
     84  0b14		       70 60 50 40*	      .byte.b	$70,$60,$50,$40,$30,$20,$10,$00,$F0,$E0,$D0,$C0,$B0,$A0,$90,$70
     85  0b24		       60 50 40 30*	      .byte.b	$60,$50,$40,$30,$20,$10,$00,$F0,$E0,$D0,$C0,$B0,$A0,$90,$70,$60
     86  0b34		       50 40 30 20*	      .byte.b	$50,$40,$30,$20,$10,$00,$F0,$E0,$D0,$C0,$B0,$A0,$90,$70,$60,$50
     87  0b44		       40 30 20 10*	      .byte.b	$40,$30,$20,$10,$00,$F0,$E0,$D0,$C0,$B0,$A0,$90,$70,$60,$50,$40
     88  0b54		       30 20 10 00*	      .byte.b	$30,$20,$10,$00,$F0,$E0,$D0,$C0,$B0,$A0,$90,$80,$80,$80,$80,$80
     89  0b64				   RowBad
     90  0b64		       01 00 00 00*	      .byte.b	$01,$00,$00,$00,$00,$00,$01,$01,$00,$00,$00,$01,$01,$00,$00,$00
     91  0b74		       01 01 01 01*	      .byte.b	$01,$01,$01,$01,$00,$00,$00,$00,$00,$00,$00,$01,$01,$01,$01,$01
     92  0b84		       01 01 00 00*	      .byte.b	$01,$01,$00,$00,$01,$01,$01,$01,$00,$00,$00,$00,$00,$00,$00,$01
     93  0b94		       01 01 01 01*	      .byte.b	$01,$01,$01,$01,$01,$01,$00,$00,$01,$01,$01,$01,$00,$00,$00,$00
     94  0ba4		       00 00 00 00*	      .byte.b	$00,$00,$00,$00,$00,$00,$00,$00,$00,$00,$00,$00,$00,$00,$01,$01
     95  0bb4				   LaneBase
     96  0bb4		       14 28 3c 	      .byte.b	20,40,60
     97  0bb7				   EBaseLo
     98  0bb7		       00 00 01 34*	      .byte.b	0,0,<(E_DINO-79),<(E_DINO2-79),<(E_HELI-79),<(E_HELI2-79),<(E_CROUCH-79),<(E_CROUCH2-79),<(E_MOUSE-79),<(E_MOUSE2-79),<(E_KNIGHT-79),<(E_KNIGHT2-79),<(E_BALLOON-79),<(E_BALLOON-79),<(E_POGO-79),<(E_POGO2-79),<(E_TREX-79),<(E_TREX2-79),<(E_JETF-79),<(E_JETF-79),<(E_KNIGHTX-79)
     99  0bcc				   EBaseHi
    100  0bcc		       00 00 f6 f6*	      .byte.b	0,0,>(E_DINO-79),>(E_DINO2-79),>(E_HELI-79),>(E_HELI2-79),>(E_CROUCH-79),>(E_CROUCH2-79),>(E_MOUSE-79),>(E_MOUSE2-79),>(E_KNIGHT-79),>(E_KNIGHT2-79),>(E_BALLOON-79),>(E_BALLOON-79),>(E_POGO-79),>(E_POGO2-79),>(E_TREX-79),>(E_TREX2-79),>(E_JETF-79),>(E_JETF-79),>(E_KNIGHTX-79)
    101  0be1				   VarLo
    102  0be1		       33 64 95 c5*	      .byte.b	<(EvA0-1),<(EvA1-1),<(EvA2-1),<(EvA3-1),<(EvA4-1),<(EvA5-1),<(EvA6-1),<(EvA7-1)
    103  0be9				   VarHi
    104  0be9		       fe fe fe fe*	      .byte.b	>(EvA0-1),>(EvA1-1),>(EvA2-1),>(EvA3-1),>(EvA4-1),>(EvA5-1),>(EvA6-1),>(EvA7-1)
    105  0bf1				   EnColHi
    106  0bf1		       00 f2 f2 f2*	      .byte.b	0,>ColArr,>ColArr,>ColArr,>ColArr,>ColArr,>ColArr,>ColArr,>ColOrange,>ColGreen
------- FILE toywars.asm
    930  0bfb
    931  0bfb							;-------------------------------------------------------------------------------
    932  0bfb							; F6 hotspots: an access to $FFF6/$FFF7/$FFF8/$FFF9 selects bank 0/1/2/3.
    933  0bfb							; A switch takes effect on the next fetch, at the same address in the new bank.
    934  0bfb							; Calls into bank 2: bank 0 switches, bank 2 (at the next address) does the
    935  0bfb							; JSR and switches back, and bank 0 returns.
    936  0fb0					      ORG	$0FB0
    937  0fb0					      RORG	$FFB0
    938  0fb0				   CallSound
    939  0fb0		       ad f9 ff 	      lda	$FFF9	; bank 3 runs $FFB3-$FFB8: jsr Sound, lda $FFF6
    940  0fb3		       ea ea ea ea*	      ds	6, $EA
    941  0fb9		       60		      rts		; $FFB9
    942  0fc0					      ORG	$0FC0
    943  0fc0					      RORG	$FFC0
    944  0fc0				   CallInit
    945  0fc0		       ad f8 ff 	      lda	$FFF8	; bank 2 runs $FFC3-$FFC8: jsr LogicInit, lda $FFF6
    946  0fc3		       ea ea ea ea*	      ds	6, $EA
    947  0fc9		       60		      rts		; $FFC9
    948  0fd0					      ORG	$0FD0
    949  0fd0					      RORG	$FFD0
    950  0fd0				   CallLogic
    951  0fd0		       ad f8 ff 	      lda	$FFF8	; bank 2 runs $FFD3-$FFD8: jsr Logic, lda $FFF6
    952  0fd3		       ea ea ea ea*	      ds	6, $EA
    953  0fd9		       60		      rts		; $FFD9
    954  0fda
    955  0fe0					      ORG	$0FE0
    956  0fe0					      RORG	$FFE0
    957  0fe0				   ToBank1
    958  0fe0		       ad f7 ff 	      lda	$FFF7	; bank 1 continues at $FFE3: jmp PreKernel
    959  0fe3		       ea		      nop
    960  0fe4		       ea		      nop
    961  0fe5		       ea		      nop
    962  0fe6		       ad f6 ff 	      lda	$FFF6	; ($FFE6) bank 1 switches here
    963  0fe9		       4c 0e f4 	      jmp	Overscan	; ($FFE9)
    964  0fec
    965  0ff0					      ORG	$0FF0
    966  0ff0					      RORG	$FFF0
    967  0ff0				   Reset0
    968  0ff0		       ad f6 ff 	      lda	$FFF6	; every bank's reset stub: the cartridge can
    969  0ff3		       4c 00 f1 	      jmp	Start0	; power up in any bank
    970  0ffa					      ORG	$0FFA
    971  0ffa					      RORG	$FFFA
    972  0ffa		       f0 ff f0 ff*	      .word.w	Reset0, Reset0, Reset0
    973  1000
    974  1000							;===============================================================================
    975  1000							; BANK 1
    976  1000							;===============================================================================
    977  2000 ????				      SEG	bank1
    978  1000					      ORG	$1000
    979  1000					      RORG	$F000
    980  1000		       00 00 00 00*	      ds	256, 0	; Super Chip RAM window
    981  1100
------- FILE gen/bank1.inc LEVEL 2 PASS 2
      0  1100					      include	"gen/bank1.inc"
      1  1100							; generated by tools/gen.mjs -- do not edit
      2  1100					      ALIGN	256
      3  1100				   ShotArr
      4  1100		       00 00 00 00*	      .byte.b	$00,$00,$00,$00,$00,$00,$00,$00,$00,$00,$00,$00,$00,$00,$00,$00
      5  1110		       00 00 00 00*	      .byte.b	$00,$00,$00,$00,$00,$00,$00,$00,$00,$00,$00,$00,$00,$00,$00,$00
      6  1120		       00 00 00 00*	      .byte.b	$00,$00,$00,$00,$00,$00,$00,$00,$00,$00,$00,$00,$00,$00,$00,$00
      7  1130		       00 00 00 00*	      .byte.b	$00,$00,$00,$00,$00,$00,$00,$00,$00,$00,$00,$00,$00,$00,$00,$00
      8  1140		       00 00 00 00*	      .byte.b	$00,$00,$00,$00,$00,$00,$00,$00,$00,$00,$00,$00,$00,$00,$00,$02
      9  1150		       00 00 00 00*	      .byte.b	$00,$00,$00,$00,$00,$00,$00,$00,$00,$00,$00,$00,$00,$00,$00,$00
     10  1160		       00 00 00 00*	      .byte.b	$00,$00,$00,$00,$00,$00,$00,$00,$00,$00,$00,$00,$00,$00,$00,$00
     11  1170		       00 00 00 00*	      .byte.b	$00,$00,$00,$00,$00,$00,$00,$00,$00,$00,$00,$00,$00,$00,$00,$00
     12  1180		       00 00 00 00*	      .byte.b	$00,$00,$00,$00,$00,$00,$00,$00,$00,$00,$00,$00,$00,$00,$00,$00
     13  1190		       00 00 00 00*	      .byte.b	$00,$00,$00,$00,$00,$00,$00,$00,$00,$00,$00,$00,$00,$00,$00,$00
     14  11a0				   BoxTab
     15  11a0		       03 03 06 06*	      .byte.b	$03,$03,$06,$06,$06,$0E,$0E,$0E,$1A,$1A,$1A,$32,$32,$32,$63,$62
     16  11b0		       62 c3 c2 c2*	      .byte.b	$62,$C3,$C2,$C2,$82,$82,$82,$82,$82,$82,$82,$82,$82,$BA,$8A,$BA
     17  11c0		       a2 ba 83 82*	      .byte.b	$A2,$BA,$83,$82,$92,$93,$92,$AA,$AA,$82,$82,$BA,$AA,$AA,$AA,$BA
     18  11d0		       82 82 92 92*	      .byte.b	$82,$82,$92,$92,$92,$92,$BB,$82,$82,$83,$82,$82,$82,$82,$86,$86
     19  11e0		       8c 8c 98 98*	      .byte.b	$8C,$8C,$98,$98,$B0,$B0,$E0,$E0,$C0,$C0,$00,$00,$00,$00,$00,$00
     20  1200		       00 00 00 00*	      ALIGN	256
     21  1200				   ColArr
     22  1200		       f8 f8 f8 f8*	      .byte.b	COL_GOLD,COL_GOLD,COL_GOLD,COL_GOLD,COL_GOLD,COL_GOLD,COL_GOLD,COL_GOLD,COL_GOLD,COL_GOLD,COL_GOLD,COL_GOLD,COL_GOLD,COL_GOLD,COL_GOLD,COL_GOLD
     23  1210		       f8 f8 f8 f8*	      .byte.b	COL_GOLD,COL_GOLD,COL_GOLD,COL_GOLD,COL_GOLD,COL_GOLD,COL_GOLD,COL_GOLD,COL_GOLD,COL_GOLD,COL_GOLD,COL_GOLD,COL_GOLD,COL_GOLD,COL_GOLD,COL_GOLD
     24  1220		       f8 f8 f8 f8*	      .byte.b	COL_GOLD,COL_GOLD,COL_GOLD,COL_GOLD,COL_GOLD,COL_GOLD,COL_GOLD,COL_GOLD,COL_GOLD,COL_GOLD,COL_GOLD,COL_GOLD,COL_GOLD,COL_GOLD,COL_GOLD,COL_GOLD
     25  1230		       f8 f8 f8 f8*	      .byte.b	COL_GOLD,COL_GOLD,COL_GOLD,COL_GOLD,COL_GOLD,COL_GOLD,COL_GOLD,COL_GOLD,COL_GOLD,COL_GOLD,COL_GOLD,COL_GOLD,COL_GOLD,COL_GOLD,COL_GOLD,COL_GOLD
     26  1240		       f8 f8 f8 f8*	      .byte.b	COL_GOLD,COL_GOLD,COL_GOLD,COL_GOLD,COL_GOLD,COL_GOLD,COL_GOLD,COL_GOLD,COL_GOLD,COL_GOLD,COL_GOLD,COL_GOLD,COL_GOLD,COL_GOLD,COL_GOLD,COL_RED_DK
     27  1250		       42 42 46 46*	      .byte.b	COL_RED_DK,COL_RED_DK,COL_RED,COL_RED,COL_RED,COL_RED,COL_RED,COL_RED,COL_RED,COL_RED,COL_GOLD,COL_GOLD,COL_GOLD,COL_GOLD,COL_GOLD,COL_GOLD
     28  1260		       f8 f8 f8 f8*	      .byte.b	COL_GOLD,COL_GOLD,COL_GOLD,COL_GOLD,COL_GOLD,COL_GOLD,COL_GOLD,COL_GOLD,COL_GOLD,COL_GOLD,COL_GOLD,COL_GOLD,COL_GOLD,COL_GOLD,COL_GOLD,COL_GOLD
     29  1270		       f8 f8 f8 f8*	      .byte.b	COL_GOLD,COL_GOLD,COL_GOLD,COL_GOLD,COL_GOLD,COL_GOLD,COL_GOLD,COL_GOLD,COL_GOLD,COL_GOLD,COL_GOLD,COL_GOLD,COL_GOLD,COL_GOLD,COL_GOLD,COL_GOLD
     30  1280		       f8 f8 f8 f8*	      .byte.b	COL_GOLD,COL_GOLD,COL_GOLD,COL_GOLD,COL_GOLD,COL_GOLD,COL_GOLD,COL_GOLD,COL_GOLD,COL_GOLD,COL_GOLD,COL_GOLD,COL_GOLD,COL_GOLD,COL_GOLD,COL_GOLD
     31  1290		       f8 f8 f8 f8*	      .byte.b	COL_GOLD,COL_GOLD,COL_GOLD,COL_GOLD,COL_GOLD,COL_GOLD,COL_GOLD,COL_GOLD,COL_GOLD,COL_GOLD,COL_GOLD,COL_GOLD,COL_GOLD,COL_GOLD,COL_GOLD,COL_GOLD
     32  12a0				   BallTab
     33  12a0		       00 02 02 02*	      .byte.b	$00,$02,$02,$02,$02,$02,$02,$02,$02,$02,$02,$02,$02,$02,$02,$02
     34  12b0		       02 02 02 02*	      .byte.b	$02,$02,$02,$02,$00,$02,$02,$02,$02,$02,$02,$02,$02,$02,$02,$02
     35  12c0		       02 02 02 02*	      .byte.b	$02,$02,$02,$02,$02,$02,$02,$02,$00,$02,$02,$02,$02,$02,$02,$02
     36  12d0		       02 02 02 02*	      .byte.b	$02,$02,$02,$02,$02,$02,$02,$02,$02,$02,$02,$02,$00,$02,$02,$02
     37  12e0		       02 02 02 02*	      .byte.b	$02,$02,$02,$02,$02,$02,$02,$02,$02,$02,$02,$02,$02,$02,$02,$02
     38  1300		       00 00 00 00*	      ALIGN	256
     39  1300				   ColGreen
     40  1300		       f8 f8 f8 f8*	      .byte.b	COL_GOLD,COL_GOLD,COL_GOLD,COL_GOLD,COL_GOLD,COL_GOLD,COL_GOLD,COL_GOLD,COL_GOLD,COL_GOLD,COL_GOLD,COL_GOLD,COL_GOLD,COL_GOLD,COL_GOLD,COL_GOLD
     41  1310		       f8 f8 f8 f8*	      .byte.b	COL_GOLD,COL_GOLD,COL_GOLD,COL_GOLD,COL_GOLD,COL_GOLD,COL_GOLD,COL_GOLD,COL_GOLD,COL_GOLD,COL_GOLD,COL_GOLD,COL_GOLD,COL_GOLD,COL_GOLD,COL_GOLD
     42  1320		       f8 f8 f8 f8*	      .byte.b	COL_GOLD,COL_GOLD,COL_GOLD,COL_GOLD,COL_GOLD,COL_GOLD,COL_GOLD,COL_GOLD,COL_GOLD,COL_GOLD,COL_GOLD,COL_GOLD,COL_GOLD,COL_GOLD,COL_GOLD,COL_GOLD
     43  1330		       f8 f8 f8 f8*	      .byte.b	COL_GOLD,COL_GOLD,COL_GOLD,COL_GOLD,COL_GOLD,COL_GOLD,COL_GOLD,COL_GOLD,COL_GOLD,COL_GOLD,COL_GOLD,COL_GOLD,COL_GOLD,COL_GOLD,COL_GOLD,COL_GOLD
     44  1340		       f8 f8 f8 f8*	      .byte.b	COL_GOLD,COL_GOLD,COL_GOLD,COL_GOLD,COL_GOLD,COL_GOLD,COL_GOLD,COL_GOLD,COL_GOLD,COL_GOLD,COL_GOLD,COL_GOLD,COL_GOLD,COL_GOLD,COL_GOLD,COL_GREEN
     45  1350		       c8 c8 c8 c8*	      .byte.b	COL_GREEN,COL_GREEN,COL_GREEN,COL_GREEN,COL_GREEN,COL_GREEN,COL_GREEN,COL_GREEN,COL_GREEN,COL_GREEN,COL_GOLD,COL_GOLD,COL_GOLD,COL_GOLD,COL_GOLD,COL_GOLD
     46  1360		       f8 f8 f8 f8*	      .byte.b	COL_GOLD,COL_GOLD,COL_GOLD,COL_GOLD,COL_GOLD,COL_GOLD,COL_GOLD,COL_GOLD,COL_GOLD,COL_GOLD,COL_GOLD,COL_GOLD,COL_GOLD,COL_GOLD,COL_GOLD,COL_GOLD
     47  1370		       f8 f8 f8 f8*	      .byte.b	COL_GOLD,COL_GOLD,COL_GOLD,COL_GOLD,COL_GOLD,COL_GOLD,COL_GOLD,COL_GOLD,COL_GOLD,COL_GOLD,COL_GOLD,COL_GOLD,COL_GOLD,COL_GOLD,COL_GOLD,COL_GOLD
     48  1380		       f8 f8 f8 f8*	      .byte.b	COL_GOLD,COL_GOLD,COL_GOLD,COL_GOLD,COL_GOLD,COL_GOLD,COL_GOLD,COL_GOLD,COL_GOLD,COL_GOLD,COL_GOLD,COL_GOLD,COL_GOLD,COL_GOLD,COL_GOLD,COL_GOLD
     49  1390		       f8 f8 f8 f8*	      .byte.b	COL_GOLD,COL_GOLD,COL_GOLD,COL_GOLD,COL_GOLD,COL_GOLD,COL_GOLD,COL_GOLD,COL_GOLD,COL_GOLD,COL_GOLD,COL_GOLD,COL_GOLD,COL_GOLD,COL_GOLD,COL_GOLD
     50  1400		       00 00 00 00*	      ALIGN	256
     51  1400				   ColOrange
     52  1400		       f8 f8 f8 f8*	      .byte.b	COL_GOLD,COL_GOLD,COL_GOLD,COL_GOLD,COL_GOLD,COL_GOLD,COL_GOLD,COL_GOLD,COL_GOLD,COL_GOLD,COL_GOLD,COL_GOLD,COL_GOLD,COL_GOLD,COL_GOLD,COL_GOLD
     53  1410		       f8 f8 f8 f8*	      .byte.b	COL_GOLD,COL_GOLD,COL_GOLD,COL_GOLD,COL_GOLD,COL_GOLD,COL_GOLD,COL_GOLD,COL_GOLD,COL_GOLD,COL_GOLD,COL_GOLD,COL_GOLD,COL_GOLD,COL_GOLD,COL_GOLD
     54  1420		       f8 f8 f8 f8*	      .byte.b	COL_GOLD,COL_GOLD,COL_GOLD,COL_GOLD,COL_GOLD,COL_GOLD,COL_GOLD,COL_GOLD,COL_GOLD,COL_GOLD,COL_GOLD,COL_GOLD,COL_GOLD,COL_GOLD,COL_GOLD,COL_GOLD
     55  1430		       f8 f8 f8 f8*	      .byte.b	COL_GOLD,COL_GOLD,COL_GOLD,COL_GOLD,COL_GOLD,COL_GOLD,COL_GOLD,COL_GOLD,COL_GOLD,COL_GOLD,COL_GOLD,COL_GOLD,COL_GOLD,COL_GOLD,COL_GOLD,COL_GOLD
     56  1440		       f8 f8 f8 f8*	      .byte.b	COL_GOLD,COL_GOLD,COL_GOLD,COL_GOLD,COL_GOLD,COL_GOLD,COL_GOLD,COL_GOLD,COL_GOLD,COL_GOLD,COL_GOLD,COL_GOLD,COL_GOLD,COL_GOLD,COL_GOLD,COL_ORANGE_DK
     57  1450		       34 34 38 38*	      .byte.b	COL_ORANGE_DK,COL_ORANGE_DK,COL_ORANGE,COL_ORANGE,COL_ORANGE,COL_ORANGE,COL_ORANGE,COL_ORANGE,COL_ORANGE,COL_ORANGE,COL_GOLD,COL_GOLD,COL_GOLD,COL_GOLD,COL_GOLD,COL_GOLD
     58  1460		       f8 f8 f8 f8*	      .byte.b	COL_GOLD,COL_GOLD,COL_GOLD,COL_GOLD,COL_GOLD,COL_GOLD,COL_GOLD,COL_GOLD,COL_GOLD,COL_GOLD,COL_GOLD,COL_GOLD,COL_GOLD,COL_GOLD,COL_GOLD,COL_GOLD
     59  1470		       f8 f8 f8 f8*	      .byte.b	COL_GOLD,COL_GOLD,COL_GOLD,COL_GOLD,COL_GOLD,COL_GOLD,COL_GOLD,COL_GOLD,COL_GOLD,COL_GOLD,COL_GOLD,COL_GOLD,COL_GOLD,COL_GOLD,COL_GOLD,COL_GOLD
     60  1480		       f8 f8 f8 f8*	      .byte.b	COL_GOLD,COL_GOLD,COL_GOLD,COL_GOLD,COL_GOLD,COL_GOLD,COL_GOLD,COL_GOLD,COL_GOLD,COL_GOLD,COL_GOLD,COL_GOLD,COL_GOLD,COL_GOLD,COL_GOLD,COL_GOLD
     61  1490		       f8 f8 f8 f8*	      .byte.b	COL_GOLD,COL_GOLD,COL_GOLD,COL_GOLD,COL_GOLD,COL_GOLD,COL_GOLD,COL_GOLD,COL_GOLD,COL_GOLD,COL_GOLD,COL_GOLD,COL_GOLD,COL_GOLD,COL_GOLD,COL_GOLD
     62  1500		       00 00 00 00*	      ALIGN	256
     63  1500				   DefPage
     64  1500		       00 00 00 00*	      .byte.b	$00,$00,$00,$00,$00,$00,$00,$00,$00,$00,$00,$00,$00,$00,$00,$00
     65  1510		       00 00 00 00*	      .byte.b	$00,$00,$00,$00,$00,$00,$00,$00,$00,$00,$00,$00,$00,$00,$00,$00
     66  1520		       00 00 00 00*	      .byte.b	$00,$00,$00,$00,$00,$00,$00,$00,$00,$00,$00,$00,$00,$00,$00,$00
     67  1530		       00 00 00 00*	      .byte.b	$00,$00,$00,$00,$00,$00,$00,$00,$00,$00,$FF,$66,$6C,$2C,$38,$78
     68  1540		       7c 7f 18 18*	      .byte.b	$7C,$7F,$18,$18,$1C,$00,$00,$00,$00,$00,$00,$00,$00,$00,$00,$00
     69  1550		       00 00 00 00*	      .byte.b	$00,$00,$00,$00,$00,$00,$00,$E7,$7E,$7E,$FF,$3C,$7E,$5A,$7E,$66
     70  1560		       00 00 00 00*	      .byte.b	$00,$00,$00,$00,$00,$00,$00,$00,$00,$00,$00,$00,$00,$00,$00,$00
     71  1570		       00 00 00 00*	      .byte.b	$00,$00,$00,$00,$FE,$FE,$00,$78,$7F,$38,$00,$00,$00,$00,$00,$00
     72  1580		       00 00 00 00*	      .byte.b	$00,$00,$00,$00,$00,$00,$00,$00,$00,$00,$00,$00,$00,$00,$00,$00
     73  1590		       00 fc cd cf*	      .byte.b	$00,$FC,$CD,$CF,$FC,$10,$20,$10,$38,$54,$38,$00,$00,$00,$00,$00
     74  15a0		       00 00 00 00*	      .byte.b	$00,$00,$00,$00,$00,$00,$00,$00,$00,$00,$00,$00,$00,$00,$70,$A8
     75  15b0		       f8 a8 7c 38*	      .byte.b	$F8,$A8,$7C,$38,$0C,$06,$03,$01,$00,$00,$00,$00,$00,$00,$00,$00
     76  15c0		       00 00 00 00*	      .byte.b	$00,$00,$00,$00,$00,$00,$00,$00,$00,$00,$00,$10,$98,$DC,$7F,$7F
     77  15d0		       dc 98 10 00*	      .byte.b	$DC,$98,$10,$00,$00,$00,$00,$00,$00,$00,$00,$00,$00,$00,$00,$00
     78  15e0		       00 00 00 00*	      .byte.b	$00,$00,$00,$00,$00,$00,$00,$00,$00,$00,$00,$00,$00,$00,$00,$00
     79  15f0		       00 00 00 00*	      .byte.b	$00,$00,$00,$00,$00,$00,$00,$00,$00,$00,$00,$00,$00,$00,$00,$00
     80  15f0		       f5 3a	   D_ARMY     =	DefPage + 58
     81  15f0		       f5 57	   D_TEDDY    =	DefPage + 87
     82  15f0		       f5 74	   D_TANK     =	DefPage + 116
     83  15f0		       f5 91	   D_JACK     =	DefPage + 145
     84  15f0		       f5 ae	   D_CANNON   =	DefPage + 174
     85  15f0		       f5 cb	   D_JET      =	DefPage + 203
     86  1600				   EnemyGfx
     87  1600		       00 00 00 00*	      .byte.b	$00,$00,$00,$00,$00,$00,$00,$00,$00,$00,$00,$00,$00,$00,$00,$00
     88  1610		       00 00 00 00*	      .byte.b	$00,$00,$00,$00,$00,$00,$00,$00,$00,$00,$00,$00,$00,$00,$00,$00
     89  1620		       00 00 00 00*	      .byte.b	$00,$00,$00,$00,$00,$00,$00,$00,$00,$00,$00,$00,$00,$00,$00,$00
     90  1630		       00 00 00 00*	      .byte.b	$00,$00,$00,$00,$00,$00,$00,$00,$00,$00,$00,$00,$00,$00,$00,$00
     91  1640		       00 00 00 00*	      .byte.b	$00,$00,$00,$00,$00,$00,$00,$00,$00,$00,$00,$00,$00,$00,$00,$00
     92  1650		       63 26 3c 1e*	      .byte.b	$63,$26,$3C,$1E,$FA,$3E,$73,$F8,$78,$00,$00,$00,$00,$00,$00,$00
     93  1660		       00 00 00 00*	      .byte.b	$00,$00,$00,$00,$00,$00,$00,$00,$00,$00,$00,$00,$00,$00,$00,$00
     94  1670		       00 00 00 00*	      .byte.b	$00,$00,$00,$00,$00,$00,$00,$00,$00,$00,$00,$00,$00,$00,$00,$00
     95  1680		       00 00 00 36*	      .byte.b	$00,$00,$00,$36,$1C,$3C,$1E,$FA,$3E,$73,$F8,$78,$00,$00,$00,$00
     96  1690		       00 00 00 00*	      .byte.b	$00,$00,$00,$00,$00,$00,$00,$00,$00,$00,$00,$00,$00,$00,$00,$00
     97  16a0		       00 00 00 00*	      .byte.b	$00,$00,$00,$00,$00,$00,$00,$00,$00,$00,$00,$00,$00,$00,$00,$00
     98  16b0		       00 00 00 00*	      .byte.b	$00,$00,$00,$00,$00,$00,$66,$A5,$FF,$FF,$7E,$3C,$18,$FF,$00,$00
     99  16c0		       00 00 00 00*	      .byte.b	$00,$00,$00,$00,$00,$00,$00,$00,$00,$00,$00,$00,$00,$00,$00,$00
    100  16d0		       00 00 00 00*	      .byte.b	$00,$00,$00,$00,$00,$00,$00,$00,$00,$00,$00,$00,$00,$00,$00,$00
    101  16e0		       00 00 00 00*	      .byte.b	$00,$00,$00,$00,$00,$00,$00,$00,$00,$66,$A5,$FF,$FF,$7E,$3C,$18
    102  16f0		       3c 00 00 00*	      .byte.b	$3C,$00,$00,$00,$00,$00,$00,$00,$00,$00,$00,$00,$00,$00,$00,$00
    103  1700		       00 00 00 00*	      .byte.b	$00,$00,$00,$00,$00,$00,$00,$00,$00,$00,$00,$00,$00,$00,$00,$00
    104  1710		       00 00 00 00*	      .byte.b	$00,$00,$00,$00,$00,$00,$00,$00,$00,$00,$00,$00,$01,$27,$C4,$FC
    105  1720		       7c 1e 03 00*	      .byte.b	$7C,$1E,$03,$00,$00,$00,$00,$00,$00,$00,$00,$00,$00,$00,$00,$00
    106  1730		       00 00 00 00*	      .byte.b	$00,$00,$00,$00,$00,$00,$00,$00,$00,$00,$00,$00,$00,$00,$00,$00
    107  1740		       00 00 00 00*	      .byte.b	$00,$00,$00,$00,$00,$00,$00,$00,$00,$00,$00,$00,$00,$00,$00,$02
    108  1750		       46 c8 fc 7c*	      .byte.b	$46,$C8,$FC,$7C,$1E,$03,$00,$00,$00,$00,$00,$00,$00,$00,$00,$00
    109  1760		       00 00 00 00*	      .byte.b	$00,$00,$00,$00,$00,$00,$00,$00,$00,$00,$00,$00,$00,$00,$00,$00
    110  1770		       00 00 00 00*	      .byte.b	$00,$00,$00,$00,$00,$00,$00,$00,$00,$00,$00,$00,$00,$00,$00,$00
    111  1780		       00 00 24 7e*	      .byte.b	$00,$00,$24,$7E,$BF,$7E,$32,$35,$00,$00,$00,$00,$00,$00,$00,$00
    112  1790		       00 00 00 00*	      .byte.b	$00,$00,$00,$00,$00,$00,$00,$00,$00,$00,$00,$00,$00,$00,$00,$00
    113  17a0		       00 00 00 00*	      .byte.b	$00,$00,$00,$00,$00,$00,$00,$00,$00,$00,$00,$00,$00,$00,$00,$00
    114  17b0		       00 00 00 00*	      .byte.b	$00,$00,$00,$00,$00,$42,$7E,$BF,$7E,$32,$35,$00,$00,$00,$00,$00
    115  17c0		       00 00 00 00*	      .byte.b	$00,$00,$00,$00,$00,$00,$00,$00,$00,$00,$00,$00,$00,$00,$00,$00
    116  17d0		       00 00 00 00*	      .byte.b	$00,$00,$00,$00,$00,$00,$00,$00,$00,$00,$00,$00,$00,$00,$00,$00
    117  17e0		       00 00 00 00*	      .byte.b	$00,$00,$00,$00,$00,$00,$00,$00,$66,$24,$18,$DC,$DC,$DE,$DC,$3C
    118  17f0		       2c 3c 1c 00*	      .byte.b	$2C,$3C,$1C,$00,$00,$00,$00,$00,$00,$00,$00,$00,$00,$00,$00,$00
    119  1800		       00 00 00 00*	      .byte.b	$00,$00,$00,$00,$00,$00,$00,$00,$00,$00,$00,$00,$00,$00,$00,$00
    120  1810		       00 00 00 00*	      .byte.b	$00,$00,$00,$00,$00,$00,$00,$00,$00,$00,$00,$6C,$28,$18,$DC,$DC
    121  1820		       de dc 3c 2c*	      .byte.b	$DE,$DC,$3C,$2C,$3C,$1C,$00,$00,$00,$00,$00,$00,$00,$00,$00,$00
    122  1830		       00 00 00 00*	      .byte.b	$00,$00,$00,$00,$00,$00,$00,$00,$00,$00,$00,$00,$00,$00,$00,$00
    123  1840		       00 00 00 00*	      .byte.b	$00,$00,$00,$00,$00,$00,$00,$00,$00,$00,$00,$00,$00,$00,$82,$44
    124  1850		       28 38 38 bc*	      .byte.b	$28,$38,$38,$BC,$7C,$3C,$2C,$3C,$1C,$00,$00,$00,$00,$00,$00,$00
    125  1860		       00 00 00 00*	      .byte.b	$00,$00,$00,$00,$00,$00,$00,$00,$00,$00,$00,$00,$00,$00,$00,$00
    126  1870		       00 00 00 00*	      .byte.b	$00,$00,$00,$00,$00,$00,$00,$00,$00,$00,$00,$00,$00,$00,$00,$00
    127  1880		       00 28 7c 38*	      .byte.b	$00,$28,$7C,$38,$10,$10,$38,$7C,$7C,$38,$00,$00,$00,$00,$00,$00
    128  1890		       00 00 00 00*	      .byte.b	$00,$00,$00,$00,$00,$00,$00,$00,$00,$00,$00,$00,$00,$00,$00,$00
    129  18a0		       00 00 00 00*	      .byte.b	$00,$00,$00,$00,$00,$00,$00,$00,$00,$00,$00,$00,$00,$00,$00,$00
    130  18b0		       00 00 00 00*	      .byte.b	$00,$00,$00,$00,$18,$3C,$18,$3C,$18,$99,$7E,$BD,$FF,$C3,$00,$00
    131  18c0		       00 00 00 00*	      .byte.b	$00,$00,$00,$00,$00,$00,$00,$00,$00,$00,$00,$00,$00,$00,$00,$00
    132  18d0		       00 00 00 00*	      .byte.b	$00,$00,$00,$00,$00,$00,$00,$00,$00,$00,$00,$00,$00,$00,$00,$00
    133  18e0		       00 00 00 00*	      .byte.b	$00,$00,$00,$00,$00,$00,$00,$3C,$18,$18,$3C,$18,$18,$99,$7E,$BD
    134  18f0		       ff c3 00 00*	      .byte.b	$FF,$C3,$00,$00,$00,$00,$00,$00,$00,$00,$00,$00,$00,$00,$00,$00
    135  1900		       00 00 00 00*	      .byte.b	$00,$00,$00,$00,$00,$00,$00,$00,$00,$00,$00,$00,$00,$00,$00,$00
    136  1910		       00 00 00 00*	      .byte.b	$00,$00,$00,$00,$00,$00,$00,$00,$00,$00,$66,$36,$3E,$7E,$3E,$3F
    137  1920		       fe e0 fe de*	      .byte.b	$FE,$E0,$FE,$DE,$7C,$00,$00,$00,$00,$00,$00,$00,$00,$00,$00,$00
    138  1930		       00 00 00 00*	      .byte.b	$00,$00,$00,$00,$00,$00,$00,$00,$00,$00,$00,$00,$00,$00,$00,$00
    139  1940		       00 00 00 00*	      .byte.b	$00,$00,$00,$00,$00,$00,$00,$00,$00,$00,$00,$00,$00,$63,$3A,$3E
    140  1950		       7e 3e 3f fe*	      .byte.b	$7E,$3E,$3F,$FE,$E0,$FE,$DE,$7C,$00,$00,$00,$00,$00,$00,$00,$00
    141  1960		       00 00 00 00*	      .byte.b	$00,$00,$00,$00,$00,$00,$00,$00,$00,$00,$00,$00,$00,$00,$00,$00
    142  1970		       00 00 00 00*	      .byte.b	$00,$00,$00,$00,$00,$00,$00,$00,$00,$00,$00,$00,$00,$00,$00,$00
    143  1980		       10 98 dc 7f*	      .byte.b	$10,$98,$DC,$7F,$7F,$DC,$98,$10,$00,$00,$00,$00,$00,$00,$00,$00
    144  1990		       00 00 00 00*	      .byte.b	$00,$00,$00,$00,$00,$00,$00,$00,$00,$00,$00,$00,$00,$00,$00,$00
    145  19a0		       00 00 00 00*	      .byte.b	$00,$00,$00,$00,$00,$00,$00,$00,$00,$00,$00,$00,$00,$00,$00,$00
    146  19b0		       00 00 00 	      .byte.b	$00,$00,$00
    147  19b0		       f6 50	   E_DINO     =	EnemyGfx + 80
    148  19b0		       f6 83	   E_DINO2    =	EnemyGfx + 131
    149  19b0		       f6 b6	   E_HELI     =	EnemyGfx + 182
    150  19b0		       f6 e9	   E_HELI2    =	EnemyGfx + 233
    151  19b0		       f7 1c	   E_CROUCH   =	EnemyGfx + 284
    152  19b0		       f7 4f	   E_CROUCH2  =	EnemyGfx + 335
    153  19b0		       f7 82	   E_MOUSE    =	EnemyGfx + 386
    154  19b0		       f7 b5	   E_MOUSE2   =	EnemyGfx + 437
    155  19b0		       f7 e8	   E_KNIGHT   =	EnemyGfx + 488
    156  19b0		       f8 1b	   E_KNIGHT2  =	EnemyGfx + 539
    157  19b0		       f8 4e	   E_KNIGHTX  =	EnemyGfx + 590
    158  19b0		       f8 81	   E_BALLOON  =	EnemyGfx + 641
    159  19b0		       f8 b4	   E_POGO     =	EnemyGfx + 692
    160  19b0		       f8 e7	   E_POGO2    =	EnemyGfx + 743
    161  19b0		       f9 1a	   E_TREX     =	EnemyGfx + 794
    162  19b0		       f9 4d	   E_TREX2    =	EnemyGfx + 845
    163  19b0		       f9 80	   E_JETF     =	EnemyGfx + 896
    164  19b0		       f6 00	   Zeros      =	EnemyGfx
------- FILE toywars.asm
    983  19b3
    984  19b3							;-------------------------------------------------------------------------------
    985  19b3				   PreKernel		; arrives early in s26
    986  19b3		       85 02		      sta	WSYNC	; s27: fixed positions. A RESPx write lands on
    987  19b5		       a9 00		      lda	#0	; 0-1	  its last cycle w: players at 3w-60,
    988  19b7		       85 25		      sta	VDELP0	; 2-4	  missiles and the ball at 3w-61
    989  19b9		       85 26		      sta	VDELP1	; 5-7
    990  19bb		       85 1b		      sta	GRP0	; 8-10
    991  19bd		       85 1c		      sta	GRP1	; 11-13
    992  19bf		       85 20		      sta	HMP0	; 14-16
    993  19c1		       85 24		      sta	HMBL	; 17-19
    994  19c3		       a9 b0		      lda	#$B0	; 20-21
    995  19c5		       85 23		      sta	HMM1	; 22-24  missile 1: 56 + 5 = 61 at the s30 HMOVE
    996  19c7		       ea		      nop		; 25-26
    997  19c8		       ea		      nop		; 27-28
    998  19c9		       ea		      nop		; 29-30
    999  19ca		       24 80		      bit	$80	; 31-33
   1000  19cc		       85 10		      sta	RESP0	; 34-36  player 0 at 48
   1001  19ce		       85 13		      sta	RESM1	; 37-39  missile 1 at 56
   1002  19d0					      REPEAT	15
   1003  19d0		       ea		      nop		; 40-69
   1002  19d0					      REPEND
   1003  19d1		       ea		      nop		; 40-69
   1002  19d1					      REPEND
   1003  19d2		       ea		      nop		; 40-69
   1002  19d2					      REPEND
   1003  19d3		       ea		      nop		; 40-69
   1002  19d3					      REPEND
   1003  19d4		       ea		      nop		; 40-69
   1002  19d4					      REPEND
   1003  19d5		       ea		      nop		; 40-69
   1002  19d5					      REPEND
   1003  19d6		       ea		      nop		; 40-69
   1002  19d6					      REPEND
   1003  19d7		       ea		      nop		; 40-69
   1002  19d7					      REPEND
   1003  19d8		       ea		      nop		; 40-69
   1002  19d8					      REPEND
   1003  19d9		       ea		      nop		; 40-69
   1002  19d9					      REPEND
   1003  19da		       ea		      nop		; 40-69
   1002  19da					      REPEND
   1003  19db		       ea		      nop		; 40-69
   1002  19db					      REPEND
   1003  19dc		       ea		      nop		; 40-69
   1002  19dc					      REPEND
   1003  19dd		       ea		      nop		; 40-69
   1002  19dd					      REPEND
   1003  19de		       ea		      nop		; 40-69
   1004  19df					      REPEND
   1005  19df		       85 14		      sta	RESBL	; 70-72  ball at 155
   1006  19e1		       85 02		      sta	WSYNC	; s28
   1007  19e3		       85 02		      sta	WSYNC	; s29
   1008  19e5		       85 2a		      sta	HMOVE	; 0-2: here, so its 8-pixel black comb falls on
   1009  19e7		       a9 00		      lda	#COL_BG	; a black line, not the rule; the panel ends
   1010  19e9		       85 09		      sta	COLUBK
   1011  19eb		       85 02		      sta	WSYNC	; s30: rule
   1012  19ed		       a9 f0		      lda	#$F0
   1013  19ef		       85 0d		      sta	PF0
   1014  19f1		       a9 ff		      lda	#$FF
   1015  19f3		       85 0e		      sta	PF1
   1016  19f5		       85 0f		      sta	PF2	; by cycle 15
   1017  19f7		       a5 9d		      lda	pfColor
   1018  19f9		       85 08		      sta	COLUPF
   1019  19fb		       a9 c8		      lda	#COL_GREEN
   1020  19fd		       85 06		      sta	COLUP0
   1021  19ff		       a9 f8		      lda	#COL_GOLD
   1022  1a01		       85 07		      sta	COLUP1
   1023  1a03		       a9 06		      lda	#6	; player 0: three copies 32 apart
   1024  1a05		       85 04		      sta	NUSIZ0
   1025  1a07		       a9 20		      lda	#$20	; missile 1: 4 pixels wide
   1026  1a09		       85 05		      sta	NUSIZ1
   1027  1a0b		       a9 21		      lda	#$21	; ball 4 wide, reflected playfield
   1028  1a0d		       85 0a		      sta	CTRLPF
   1029  1a0f		       a9 00		      lda	#0
   1030  1a11		       85 1b		      sta	GRP0
   1031  1a13		       85 1c		      sta	GRP1
   1032  1a15		       85 20		      sta	HMP0
   1033  1a17		       85 21		      sta	HMP1
   1034  1a19		       85 22		      sta	HMM0
   1035  1a1b		       a9 60		      lda	#$60	; ball and shot move 6 left per HMOVE
   1036  1a1d		       85 24		      sta	HMBL
   1037  1a1f		       85 23		      sta	HMM1
   1038  1a21		       85 02		      sta	WSYNC	; s31
   1039  1a23		       a9 00		      lda	#0
   1040  1a25		       85 0d		      sta	PF0
   1041  1a27		       85 0e		      sta	PF1
   1042  1a29		       85 0f		      sta	PF2
   1043  1a2b		       a2 b9		      ldx	#QUEUE-1
   1044  1a2d		       9a		      txs
   1045  1a2e		       a2 00		      ldx	#0
   1046  1a30		       a0 4f		      ldy	#79
   1047  1a32		       4c 47 fa 	      jmp	RowA
   1048  1a35
   1049  1a35				   PosObject1
   1050  1a35					      SUBROUTINE
   1051  1a35		       85 02		      sta	WSYNC
   1052  1a37		       38		      sec
   1053  1a38				   .divide
   1054  1a38		       e9 0f		      sbc	#15
   1055  1a3a		       b0 fc		      bcs	.divide
   1056  1a3c		       49 07		      eor	#7
   1057  1a3e		       0a		      asl
   1058  1a3f		       0a		      asl
   1059  1a40		       0a		      asl
   1060  1a41		       0a		      asl
   1061  1a42		       95 20		      sta	HMP0,x
   1062  1a44		       95 10		      sta	RESP0,x
   1063  1a46		       60		      rts
   1064  1a47
   1065  1a47							;-------------------------------------------------------------------------------
   1066  1a47							; the kernel rows (a branch that crosses a page costs a cycle; every branch
   1067  1a47							; here is taken only where the line has cycles to spare)
   1068  1a47
   1069  1a47					      MAC	line_a
   1070  1a47					      sta	HMOVE	; 0-2
   1071  1a47					      lda	BoxTab,y	; 3-6
   1072  1a47					      sta	PF1	; 7-9
   1073  1a47					      lda	BallTab,y	; 10-13
   1074  1a47					      sta	ENABL	; 14-16
   1075  1a47					      lda	(m1ptr),y	; 17-21
   1076  1a47					      sta	ENAM1	; 22-24
   1077  1a47					      lda	(pc0),y	; 25-29
   1078  1a47					      sta	GRP0	; 30-32  copy 0 (x 48)
   1079  1a47					      lda	(pc1),y	; 33-37
   1080  1a47					      stx	PF1	; 38-40  clear before the reflected copy (x 112)
   1081  1a47					      sta	GRP0	; 41-43  copy 1 (x 80)
   1082  1a47					      lda	(pc2),y	; 44-48
   1083  1a47					      sta	GRP0	; 49-51  copy 2 (x 112)
   1084  1a47					      ENDM		; cycles 0-51 of a line A
   1085  1a47
   1086  1a47					      MAC	line_b
   1087  1a47					      lda	BoxTab,y	; 0-3
   1088  1a47					      sta	PF1	; 4-6
   1089  1a47					      lda	(pc0),y	; 7-11
   1090  1a47					      sta	GRP0	; 12-14
   1091  1a47					      stx	HMP1	; 15-17
   1092  1a47					      lda	(p1ptr),y	; 18-22 (+1 on a page cross)
   1093  1a47					      sta	GRP1	; 23-25
   1094  1a47					      lda	(p1col),y	; 26-30
   1095  1a47					      sta	COLUP1	; 31-33
   1096  1a47					      lda	(pc1),y	; 34-38
   1097  1a47					      stx	PF1	; 39-41
   1098  1a47					      sta	GRP0	; 42-44
   1099  1a47					      lda	(pc2),y	; 45-49
   1100  1a47					      sta	GRP0	; 50-52
   1101  1a47					      dey		; 53-54
   1102  1a47					      ENDM		; cycles 0-54 of a line B, ends after dey
   1103  1a47
   1104  1a47				   RowA
   1105  1a47		       85 02		      sta	WSYNC
   1106  1a49				   RowAH
      0  1a49					      LINE_A
      1  1a49		       85 2a		      sta	HMOVE
      2  1a4b		       b9 a0 f1 	      lda	BoxTab,y
      3  1a4e		       85 0e		      sta	PF1
      4  1a50		       b9 a0 f2 	      lda	BallTab,y
      5  1a53		       85 1f		      sta	ENABL
      6  1a55		       b1 86		      lda	(m1ptr),y
      7  1a57		       85 1e		      sta	ENAM1
      8  1a59		       b1 80		      lda	(pc0),y
      9  1a5b		       85 1b		      sta	GRP0
     10  1a5d		       b1 82		      lda	(pc1),y
     11  1a5f		       86 0e		      stx	PF1
     12  1a61		       85 1b		      sta	GRP0
     13  1a63		       b1 84		      lda	(pc2),y
     14  1a65		       85 1b		      sta	GRP0
   1108  1a67		       85 02		      sta	WSYNC
   1109  1a69				   RowB
      0  1a69					      LINE_B
      1  1a69		       b9 a0 f1 	      lda	BoxTab,y
      2  1a6c		       85 0e		      sta	PF1
      3  1a6e		       b1 80		      lda	(pc0),y
      4  1a70		       85 1b		      sta	GRP0
      5  1a72		       86 21		      stx	HMP1
      6  1a74		       b1 88		      lda	(p1ptr),y
      7  1a76		       85 1c		      sta	GRP1
      8  1a78		       b1 8a		      lda	(p1col),y
      9  1a7a		       85 07		      sta	COLUP1
     10  1a7c		       b1 82		      lda	(pc1),y
     11  1a7e		       86 0e		      stx	PF1
     12  1a80		       85 1b		      sta	GRP0
     13  1a82		       b1 84		      lda	(pc2),y
     14  1a84		       85 1b		      sta	GRP0
     15  1a86		       88		      dey
   1111  1a87		       c4 8e		      cpy	nextEv	; 55-57
   1112  1a89		       f0 07		      beq	EvRowA	; 58-59
   1113  1a8b		       c4 8f		      cpy	nextSt	; 60-62
   1114  1a8d		       f0 24		      beq	StRowA	; 63-64
   1115  1a8f		       4c 47 fa 	      jmp	RowA	; 65-67
   1116  1a92
   1117  1a92				   EvRowA
   1118  1a92		       85 02		      sta	WSYNC
      0  1a94					      LINE_A
      1  1a94		       85 2a		      sta	HMOVE
      2  1a96		       b9 a0 f1 	      lda	BoxTab,y
      3  1a99		       85 0e		      sta	PF1
      4  1a9b		       b9 a0 f2 	      lda	BallTab,y
      5  1a9e		       85 1f		      sta	ENABL
      6  1aa0		       b1 86		      lda	(m1ptr),y
      7  1aa2		       85 1e		      sta	ENAM1
      8  1aa4		       b1 80		      lda	(pc0),y
      9  1aa6		       85 1b		      sta	GRP0
     10  1aa8		       b1 82		      lda	(pc1),y
     11  1aaa		       86 0e		      stx	PF1
     12  1aac		       85 1b		      sta	GRP0
     13  1aae		       b1 84		      lda	(pc2),y
     14  1ab0		       85 1b		      sta	GRP0
   1120  1ab2		       60		      rts		; 52-57: into the event variant (EvA*)
   1121  1ab3
   1122  1ab3				   StRowA
   1123  1ab3		       85 02		      sta	WSYNC
      0  1ab5					      LINE_A
      1  1ab5		       85 2a		      sta	HMOVE
      2  1ab7		       b9 a0 f1 	      lda	BoxTab,y
      3  1aba		       85 0e		      sta	PF1
      4  1abc		       b9 a0 f2 	      lda	BallTab,y
      5  1abf		       85 1f		      sta	ENABL
      6  1ac1		       b1 86		      lda	(m1ptr),y
      7  1ac3		       85 1e		      sta	ENAM1
      8  1ac5		       b1 80		      lda	(pc0),y
      9  1ac7		       85 1b		      sta	GRP0
     10  1ac9		       b1 82		      lda	(pc1),y
     11  1acb		       86 0e		      stx	PF1
     12  1acd		       85 1b		      sta	GRP0
     13  1acf		       b1 84		      lda	(pc2),y
     14  1ad1		       85 1b		      sta	GRP0
   1125  1ad3		       6c 8c 00 	      jmp	(stVec)	; 52-56: into the static row routine
   1126  1ad6
   1127  1ad6							;-------------------------------------------------------------------------------
   1128  1ad6							; static rows. Line A tails start on cycle 57.
   1129  1ad6
   1130  1ad6					      MAC	st_swap
   1131  1ad6					      lda	slotPtr+{1}	; 57-59
   1132  1ad6					      sta	{2}	; 60-62
   1133  1ad6					      lda	#{3}	; 63-64
   1134  1ad6					      sta	nextSt	; 65-67
   1135  1ad6					      lda	#>{4}	; 68-69
   1136  1ad6					      sta	stVec+1	; 70-72
   1137  1ad6					      sta	WSYNC	; 73-75
   1138  1ad6					      LINE_B
   1139  1ad6					      lda	#<{4}	; 55-56
   1140  1ad6					      sta	stVec	; 57-59
   1141  1ad6					      cpy	nextEv	; 60-62
   1142  1ad6					      beq	.ev	; 63-64
   1143  1ad6					      jmp	RowA	; 65-67
   1144  1ad6				   .ev	      jmp	EvRowA
   1145  1ad6					      ENDM		; {1} slot, {2} pointer, {3} next y, {4} next routine
   1146  1ad6
   1147  1ad6					      MAC	st_ball
   1148  1ad6					      lda	#{1}	; 57-58
   1149  1ad6					      sta	nextSt	; 59-61
   1150  1ad6					      lda	#>{2}	; 62-63
   1151  1ad6					      sta	stVec+1	; 64-66
   1152  1ad6					      bit	$80	; 67-69
   1153  1ad6					      sta	RESBL	; 70-72: x 155, 149 after the next HMOVE
   1154  1ad6					      sta	WSYNC	; 73-75
   1155  1ad6					      LINE_B
   1156  1ad6					      lda	#<{2}
   1157  1ad6					      sta	stVec
   1158  1ad6					      cpy	nextEv
   1159  1ad6					      beq	.ev
   1160  1ad6					      jmp	RowA
   1161  1ad6				   .ev	      jmp	EvRowA
   1162  1ad6					      ENDM		; {1} next y, {2} next routine
   1163  1ad6
   1164  1ad6					      MAC	st_shot
   1165  1ad6					      lda	#{2}	; 57-58
   1166  1ad6					      sta	nextSt	; 59-61
   1167  1ad6					      lda	#>{3}	; 62-63
   1168  1ad6					      sta	stVec+1	; 64-66
   1169  1ad6					      bit	$80	; 67-69
   1170  1ad6					      sta	RESM1	; 70-72
   1171  1ad6					      sta	WSYNC	; 73-75
   1172  1ad6					      LINE_B
   1173  1ad6					      lda	shotPtr+{1}	; 55-57
   1174  1ad6					      sta	m1ptr	; 58-60
   1175  1ad6					      lda	#<{3}	; 61-62
   1176  1ad6					      sta	stVec	; 63-65
   1177  1ad6					      jmp	RowA	; 66-68 (no event right after a shot row)
   1178  1ad6					      ENDM		; {1} lane, {2} next y, {3} next routine
   1179  1ad6
   1180  1ad6				   St7	      SUBROUTINE
      0  1ad6					      ST_SWAP	2, pc2, 67, St12	; row 7: column 2 -> lane 0
      1  1ad6		       a5 92		      lda	slotPtr+2
      2  1ad8		       85 84		      sta	pc2
      3  1ada		       a9 43		      lda	#67
      4  1adc		       85 8f		      sta	nextSt
      5  1ade		       a9 fb		      lda	#>St12
      6  1ae0		       85 8d		      sta	stVec+1
      7  1ae2		       85 02		      sta	WSYNC
      0  1ae4					      LINE_B
      1  1ae4		       b9 a0 f1 	      lda	BoxTab,y
      2  1ae7		       85 0e		      sta	PF1
      3  1ae9		       b1 80		      lda	(pc0),y
      4  1aeb		       85 1b		      sta	GRP0
      5  1aed		       86 21		      stx	HMP1
      6  1aef		       b1 88		      lda	(p1ptr),y
      7  1af1		       85 1c		      sta	GRP1
      8  1af3		       b1 8a		      lda	(p1col),y
      9  1af5		       85 07		      sta	COLUP1
     10  1af7		       b1 82		      lda	(pc1),y
     11  1af9		       86 0e		      stx	PF1
     12  1afb		       85 1b		      sta	GRP0
     13  1afd		       b1 84		      lda	(pc2),y
     14  1aff		       85 1b		      sta	GRP0
     15  1b01		       88		      dey
      9  1b02		       a9 10		      lda	#<St12
     10  1b04		       85 8c		      sta	stVec
     11  1b06		       c4 8e		      cpy	nextEv
     12  1b08		       f0 03		      beq	.ev
     13  1b0a		       4c 47 fa 	      jmp	RowA
     14  1b0d		       4c 92 fa    .ev	      jmp	EvRowA
   1182  1b10				   St12       SUBROUTINE
      0  1b10					      ST_SWAP	1, pc1, 62, St17
      1  1b10		       a5 91		      lda	slotPtr+1
      2  1b12		       85 82		      sta	pc1
      3  1b14		       a9 3e		      lda	#62
      4  1b16		       85 8f		      sta	nextSt
      5  1b18		       a9 fb		      lda	#>St17
      6  1b1a		       85 8d		      sta	stVec+1
      7  1b1c		       85 02		      sta	WSYNC
      0  1b1e					      LINE_B
      1  1b1e		       b9 a0 f1 	      lda	BoxTab,y
      2  1b21		       85 0e		      sta	PF1
      3  1b23		       b1 80		      lda	(pc0),y
      4  1b25		       85 1b		      sta	GRP0
      5  1b27		       86 21		      stx	HMP1
      6  1b29		       b1 88		      lda	(p1ptr),y
      7  1b2b		       85 1c		      sta	GRP1
      8  1b2d		       b1 8a		      lda	(p1col),y
      9  1b2f		       85 07		      sta	COLUP1
     10  1b31		       b1 82		      lda	(pc1),y
     11  1b33		       86 0e		      stx	PF1
     12  1b35		       85 1b		      sta	GRP0
     13  1b37		       b1 84		      lda	(pc2),y
     14  1b39		       85 1b		      sta	GRP0
     15  1b3b		       88		      dey
      9  1b3c		       a9 4a		      lda	#<St17
     10  1b3e		       85 8c		      sta	stVec
     11  1b40		       c4 8e		      cpy	nextEv
     12  1b42		       f0 03		      beq	.ev
     13  1b44		       4c 47 fa 	      jmp	RowA
     14  1b47		       4c 92 fa    .ev	      jmp	EvRowA
   1184  1b4a				   St17       SUBROUTINE
      0  1b4a					      ST_SWAP	0, pc0, 60, St19
      1  1b4a		       a5 90		      lda	slotPtr+0
      2  1b4c		       85 80		      sta	pc0
      3  1b4e		       a9 3c		      lda	#60
      4  1b50		       85 8f		      sta	nextSt
      5  1b52		       a9 fb		      lda	#>St19
      6  1b54		       85 8d		      sta	stVec+1
      7  1b56		       85 02		      sta	WSYNC
      0  1b58					      LINE_B
      1  1b58		       b9 a0 f1 	      lda	BoxTab,y
      2  1b5b		       85 0e		      sta	PF1
      3  1b5d		       b1 80		      lda	(pc0),y
      4  1b5f		       85 1b		      sta	GRP0
      5  1b61		       86 21		      stx	HMP1
      6  1b63		       b1 88		      lda	(p1ptr),y
      7  1b65		       85 1c		      sta	GRP1
      8  1b67		       b1 8a		      lda	(p1col),y
      9  1b69		       85 07		      sta	COLUP1
     10  1b6b		       b1 82		      lda	(pc1),y
     11  1b6d		       86 0e		      stx	PF1
     12  1b6f		       85 1b		      sta	GRP0
     13  1b71		       b1 84		      lda	(pc2),y
     14  1b73		       85 1b		      sta	GRP0
     15  1b75		       88		      dey
      9  1b76		       a9 84		      lda	#<St19
     10  1b78		       85 8c		      sta	stVec
     11  1b7a		       c4 8e		      cpy	nextEv
     12  1b7c		       f0 03		      beq	.ev
     13  1b7e		       4c 47 fa 	      jmp	RowA
     14  1b81		       4c 92 fa    .ev	      jmp	EvRowA
   1186  1b84				   St19       SUBROUTINE
      0  1b84					      ST_BALL	51, St28	; row 19: shelf 1
      1  1b84		       a9 33		      lda	#51
      2  1b86		       85 8f		      sta	nextSt
      3  1b88		       a9 fb		      lda	#>St28
      4  1b8a		       85 8d		      sta	stVec+1
      5  1b8c		       24 80		      bit	$80
      6  1b8e		       85 14		      sta	RESBL
      7  1b90		       85 02		      sta	WSYNC
      0  1b92					      LINE_B
      1  1b92		       b9 a0 f1 	      lda	BoxTab,y
      2  1b95		       85 0e		      sta	PF1
      3  1b97		       b1 80		      lda	(pc0),y
      4  1b99		       85 1b		      sta	GRP0
      5  1b9b		       86 21		      stx	HMP1
      6  1b9d		       b1 88		      lda	(p1ptr),y
      7  1b9f		       85 1c		      sta	GRP1
      8  1ba1		       b1 8a		      lda	(p1col),y
      9  1ba3		       85 07		      sta	COLUP1
     10  1ba5		       b1 82		      lda	(pc1),y
     11  1ba7		       86 0e		      stx	PF1
     12  1ba9		       85 1b		      sta	GRP0
     13  1bab		       b1 84		      lda	(pc2),y
     14  1bad		       85 1b		      sta	GRP0
     15  1baf		       88		      dey
      9  1bb0		       a9 be		      lda	#<St28
     10  1bb2		       85 8c		      sta	stVec
     11  1bb4		       c4 8e		      cpy	nextEv
     12  1bb6		       f0 03		      beq	.ev
     13  1bb8		       4c 47 fa 	      jmp	RowA
     14  1bbb		       4c 92 fa    .ev	      jmp	EvRowA
   1188  1bbe				   St28       SUBROUTINE
      0  1bbe					      ST_SWAP	5, pc2, 49, St30	; row 28: column 2 -> lane 1
      1  1bbe		       a5 95		      lda	slotPtr+5
      2  1bc0		       85 84		      sta	pc2
      3  1bc2		       a9 31		      lda	#49
      4  1bc4		       85 8f		      sta	nextSt
      5  1bc6		       a9 fb		      lda	#>St30
      6  1bc8		       85 8d		      sta	stVec+1
      7  1bca		       85 02		      sta	WSYNC
      0  1bcc					      LINE_B
      1  1bcc		       b9 a0 f1 	      lda	BoxTab,y
      2  1bcf		       85 0e		      sta	PF1
      3  1bd1		       b1 80		      lda	(pc0),y
      4  1bd3		       85 1b		      sta	GRP0
      5  1bd5		       86 21		      stx	HMP1
      6  1bd7		       b1 88		      lda	(p1ptr),y
      7  1bd9		       85 1c		      sta	GRP1
      8  1bdb		       b1 8a		      lda	(p1col),y
      9  1bdd		       85 07		      sta	COLUP1
     10  1bdf		       b1 82		      lda	(pc1),y
     11  1be1		       86 0e		      stx	PF1
     12  1be3		       85 1b		      sta	GRP0
     13  1be5		       b1 84		      lda	(pc2),y
     14  1be7		       85 1b		      sta	GRP0
     15  1be9		       88		      dey
      9  1bea		       a9 f8		      lda	#<St30
     10  1bec		       85 8c		      sta	stVec
     11  1bee		       c4 8e		      cpy	nextEv
     12  1bf0		       f0 03		      beq	.ev
     13  1bf2		       4c 47 fa 	      jmp	RowA
     14  1bf5		       4c 92 fa    .ev	      jmp	EvRowA
   1190  1bf8				   St30       SUBROUTINE
      0  1bf8					      ST_SHOT	1, 46, St33	; row 30: shots of lane 1
      1  1bf8		       a9 2e		      lda	#46
      2  1bfa		       85 8f		      sta	nextSt
      3  1bfc		       a9 fc		      lda	#>St33
      4  1bfe		       85 8d		      sta	stVec+1
      5  1c00		       24 80		      bit	$80
      6  1c02		       85 13		      sta	RESM1
      7  1c04		       85 02		      sta	WSYNC
      0  1c06					      LINE_B
      1  1c06		       b9 a0 f1 	      lda	BoxTab,y
      2  1c09		       85 0e		      sta	PF1
      3  1c0b		       b1 80		      lda	(pc0),y
      4  1c0d		       85 1b		      sta	GRP0
      5  1c0f		       86 21		      stx	HMP1
      6  1c11		       b1 88		      lda	(p1ptr),y
      7  1c13		       85 1c		      sta	GRP1
      8  1c15		       b1 8a		      lda	(p1col),y
      9  1c17		       85 07		      sta	COLUP1
     10  1c19		       b1 82		      lda	(pc1),y
     11  1c1b		       86 0e		      stx	PF1
     12  1c1d		       85 1b		      sta	GRP0
     13  1c1f		       b1 84		      lda	(pc2),y
     14  1c21		       85 1b		      sta	GRP0
     15  1c23		       88		      dey
      9  1c24		       a5 9a		      lda	shotPtr+1
     10  1c26		       85 86		      sta	m1ptr
     11  1c28		       a9 2f		      lda	#<St33
     12  1c2a		       85 8c		      sta	stVec
     13  1c2c		       4c 47 fa 	      jmp	RowA
   1192  1c2f				   St33       SUBROUTINE
      0  1c2f					      ST_SWAP	4, pc1, 42, St37
      1  1c2f		       a5 94		      lda	slotPtr+4
      2  1c31		       85 82		      sta	pc1
      3  1c33		       a9 2a		      lda	#42
      4  1c35		       85 8f		      sta	nextSt
      5  1c37		       a9 fc		      lda	#>St37
      6  1c39		       85 8d		      sta	stVec+1
      7  1c3b		       85 02		      sta	WSYNC
      0  1c3d					      LINE_B
      1  1c3d		       b9 a0 f1 	      lda	BoxTab,y
      2  1c40		       85 0e		      sta	PF1
      3  1c42		       b1 80		      lda	(pc0),y
      4  1c44		       85 1b		      sta	GRP0
      5  1c46		       86 21		      stx	HMP1
      6  1c48		       b1 88		      lda	(p1ptr),y
      7  1c4a		       85 1c		      sta	GRP1
      8  1c4c		       b1 8a		      lda	(p1col),y
      9  1c4e		       85 07		      sta	COLUP1
     10  1c50		       b1 82		      lda	(pc1),y
     11  1c52		       86 0e		      stx	PF1
     12  1c54		       85 1b		      sta	GRP0
     13  1c56		       b1 84		      lda	(pc2),y
     14  1c58		       85 1b		      sta	GRP0
     15  1c5a		       88		      dey
      9  1c5b		       a9 69		      lda	#<St37
     10  1c5d		       85 8c		      sta	stVec
     11  1c5f		       c4 8e		      cpy	nextEv
     12  1c61		       f0 03		      beq	.ev
     13  1c63		       4c 47 fa 	      jmp	RowA
     14  1c66		       4c 92 fa    .ev	      jmp	EvRowA
   1194  1c69				   St37       SUBROUTINE
      0  1c69					      ST_SWAP	3, pc0, 40, St39
      1  1c69		       a5 93		      lda	slotPtr+3
      2  1c6b		       85 80		      sta	pc0
      3  1c6d		       a9 28		      lda	#40
      4  1c6f		       85 8f		      sta	nextSt
      5  1c71		       a9 fc		      lda	#>St39
      6  1c73		       85 8d		      sta	stVec+1
      7  1c75		       85 02		      sta	WSYNC
      0  1c77					      LINE_B
      1  1c77		       b9 a0 f1 	      lda	BoxTab,y
      2  1c7a		       85 0e		      sta	PF1
      3  1c7c		       b1 80		      lda	(pc0),y
      4  1c7e		       85 1b		      sta	GRP0
      5  1c80		       86 21		      stx	HMP1
      6  1c82		       b1 88		      lda	(p1ptr),y
      7  1c84		       85 1c		      sta	GRP1
      8  1c86		       b1 8a		      lda	(p1col),y
      9  1c88		       85 07		      sta	COLUP1
     10  1c8a		       b1 82		      lda	(pc1),y
     11  1c8c		       86 0e		      stx	PF1
     12  1c8e		       85 1b		      sta	GRP0
     13  1c90		       b1 84		      lda	(pc2),y
     14  1c92		       85 1b		      sta	GRP0
     15  1c94		       88		      dey
      9  1c95		       a9 a3		      lda	#<St39
     10  1c97		       85 8c		      sta	stVec
     11  1c99		       c4 8e		      cpy	nextEv
     12  1c9b		       f0 03		      beq	.ev
     13  1c9d		       4c 47 fa 	      jmp	RowA
     14  1ca0		       4c 92 fa    .ev	      jmp	EvRowA
   1196  1ca3				   St39       SUBROUTINE
      0  1ca3					      ST_BALL	31, St48
      1  1ca3		       a9 1f		      lda	#31
      2  1ca5		       85 8f		      sta	nextSt
      3  1ca7		       a9 fc		      lda	#>St48
      4  1ca9		       85 8d		      sta	stVec+1
      5  1cab		       24 80		      bit	$80
      6  1cad		       85 14		      sta	RESBL
      7  1caf		       85 02		      sta	WSYNC
      0  1cb1					      LINE_B
      1  1cb1		       b9 a0 f1 	      lda	BoxTab,y
      2  1cb4		       85 0e		      sta	PF1
      3  1cb6		       b1 80		      lda	(pc0),y
      4  1cb8		       85 1b		      sta	GRP0
      5  1cba		       86 21		      stx	HMP1
      6  1cbc		       b1 88		      lda	(p1ptr),y
      7  1cbe		       85 1c		      sta	GRP1
      8  1cc0		       b1 8a		      lda	(p1col),y
      9  1cc2		       85 07		      sta	COLUP1
     10  1cc4		       b1 82		      lda	(pc1),y
     11  1cc6		       86 0e		      stx	PF1
     12  1cc8		       85 1b		      sta	GRP0
     13  1cca		       b1 84		      lda	(pc2),y
     14  1ccc		       85 1b		      sta	GRP0
     15  1cce		       88		      dey
      9  1ccf		       a9 dd		      lda	#<St48
     10  1cd1		       85 8c		      sta	stVec
     11  1cd3		       c4 8e		      cpy	nextEv
     12  1cd5		       f0 03		      beq	.ev
     13  1cd7		       4c 47 fa 	      jmp	RowA
     14  1cda		       4c 92 fa    .ev	      jmp	EvRowA
   1198  1cdd				   St48       SUBROUTINE
      0  1cdd					      ST_SWAP	8, pc2, 29, St50
      1  1cdd		       a5 98		      lda	slotPtr+8
      2  1cdf		       85 84		      sta	pc2
      3  1ce1		       a9 1d		      lda	#29
      4  1ce3		       85 8f		      sta	nextSt
      5  1ce5		       a9 fd		      lda	#>St50
      6  1ce7		       85 8d		      sta	stVec+1
      7  1ce9		       85 02		      sta	WSYNC
      0  1ceb					      LINE_B
      1  1ceb		       b9 a0 f1 	      lda	BoxTab,y
      2  1cee		       85 0e		      sta	PF1
      3  1cf0		       b1 80		      lda	(pc0),y
      4  1cf2		       85 1b		      sta	GRP0
      5  1cf4		       86 21		      stx	HMP1
      6  1cf6		       b1 88		      lda	(p1ptr),y
      7  1cf8		       85 1c		      sta	GRP1
      8  1cfa		       b1 8a		      lda	(p1col),y
      9  1cfc		       85 07		      sta	COLUP1
     10  1cfe		       b1 82		      lda	(pc1),y
     11  1d00		       86 0e		      stx	PF1
     12  1d02		       85 1b		      sta	GRP0
     13  1d04		       b1 84		      lda	(pc2),y
     14  1d06		       85 1b		      sta	GRP0
     15  1d08		       88		      dey
      9  1d09		       a9 17		      lda	#<St50
     10  1d0b		       85 8c		      sta	stVec
     11  1d0d		       c4 8e		      cpy	nextEv
     12  1d0f		       f0 03		      beq	.ev
     13  1d11		       4c 47 fa 	      jmp	RowA
     14  1d14		       4c 92 fa    .ev	      jmp	EvRowA
   1200  1d17				   St50       SUBROUTINE
      0  1d17					      ST_SHOT	2, 26, St53
      1  1d17		       a9 1a		      lda	#26
      2  1d19		       85 8f		      sta	nextSt
      3  1d1b		       a9 fd		      lda	#>St53
      4  1d1d		       85 8d		      sta	stVec+1
      5  1d1f		       24 80		      bit	$80
      6  1d21		       85 13		      sta	RESM1
      7  1d23		       85 02		      sta	WSYNC
      0  1d25					      LINE_B
      1  1d25		       b9 a0 f1 	      lda	BoxTab,y
      2  1d28		       85 0e		      sta	PF1
      3  1d2a		       b1 80		      lda	(pc0),y
      4  1d2c		       85 1b		      sta	GRP0
      5  1d2e		       86 21		      stx	HMP1
      6  1d30		       b1 88		      lda	(p1ptr),y
      7  1d32		       85 1c		      sta	GRP1
      8  1d34		       b1 8a		      lda	(p1col),y
      9  1d36		       85 07		      sta	COLUP1
     10  1d38		       b1 82		      lda	(pc1),y
     11  1d3a		       86 0e		      stx	PF1
     12  1d3c		       85 1b		      sta	GRP0
     13  1d3e		       b1 84		      lda	(pc2),y
     14  1d40		       85 1b		      sta	GRP0
     15  1d42		       88		      dey
      9  1d43		       a5 9b		      lda	shotPtr+2
     10  1d45		       85 86		      sta	m1ptr
     11  1d47		       a9 4e		      lda	#<St53
     12  1d49		       85 8c		      sta	stVec
     13  1d4b		       4c 47 fa 	      jmp	RowA
   1202  1d4e				   St53       SUBROUTINE
      0  1d4e					      ST_SWAP	7, pc1, 22, St57
      1  1d4e		       a5 97		      lda	slotPtr+7
      2  1d50		       85 82		      sta	pc1
      3  1d52		       a9 16		      lda	#22
      4  1d54		       85 8f		      sta	nextSt
      5  1d56		       a9 fd		      lda	#>St57
      6  1d58		       85 8d		      sta	stVec+1
      7  1d5a		       85 02		      sta	WSYNC
      0  1d5c					      LINE_B
      1  1d5c		       b9 a0 f1 	      lda	BoxTab,y
      2  1d5f		       85 0e		      sta	PF1
      3  1d61		       b1 80		      lda	(pc0),y
      4  1d63		       85 1b		      sta	GRP0
      5  1d65		       86 21		      stx	HMP1
      6  1d67		       b1 88		      lda	(p1ptr),y
      7  1d69		       85 1c		      sta	GRP1
      8  1d6b		       b1 8a		      lda	(p1col),y
      9  1d6d		       85 07		      sta	COLUP1
     10  1d6f		       b1 82		      lda	(pc1),y
     11  1d71		       86 0e		      stx	PF1
     12  1d73		       85 1b		      sta	GRP0
     13  1d75		       b1 84		      lda	(pc2),y
     14  1d77		       85 1b		      sta	GRP0
     15  1d79		       88		      dey
      9  1d7a		       a9 88		      lda	#<St57
     10  1d7c		       85 8c		      sta	stVec
     11  1d7e		       c4 8e		      cpy	nextEv
     12  1d80		       f0 03		      beq	.ev
     13  1d82		       4c 47 fa 	      jmp	RowA
     14  1d85		       4c 92 fa    .ev	      jmp	EvRowA
   1204  1d88				   St57       SUBROUTINE
      0  1d88					      ST_SWAP	6, pc0, 20, St59
      1  1d88		       a5 96		      lda	slotPtr+6
      2  1d8a		       85 80		      sta	pc0
      3  1d8c		       a9 14		      lda	#20
      4  1d8e		       85 8f		      sta	nextSt
      5  1d90		       a9 fd		      lda	#>St59
      6  1d92		       85 8d		      sta	stVec+1
      7  1d94		       85 02		      sta	WSYNC
      0  1d96					      LINE_B
      1  1d96		       b9 a0 f1 	      lda	BoxTab,y
      2  1d99		       85 0e		      sta	PF1
      3  1d9b		       b1 80		      lda	(pc0),y
      4  1d9d		       85 1b		      sta	GRP0
      5  1d9f		       86 21		      stx	HMP1
      6  1da1		       b1 88		      lda	(p1ptr),y
      7  1da3		       85 1c		      sta	GRP1
      8  1da5		       b1 8a		      lda	(p1col),y
      9  1da7		       85 07		      sta	COLUP1
     10  1da9		       b1 82		      lda	(pc1),y
     11  1dab		       86 0e		      stx	PF1
     12  1dad		       85 1b		      sta	GRP0
     13  1daf		       b1 84		      lda	(pc2),y
     14  1db1		       85 1b		      sta	GRP0
     15  1db3		       88		      dey
      9  1db4		       a9 c2		      lda	#<St59
     10  1db6		       85 8c		      sta	stVec
     11  1db8		       c4 8e		      cpy	nextEv
     12  1dba		       f0 03		      beq	.ev
     13  1dbc		       4c 47 fa 	      jmp	RowA
     14  1dbf		       4c 92 fa    .ev	      jmp	EvRowA
   1206  1dc2				   St59       SUBROUTINE
      0  1dc2					      ST_BALL	0, StEnd
      1  1dc2		       a9 00		      lda	#0
      2  1dc4		       85 8f		      sta	nextSt
      3  1dc6		       a9 fd		      lda	#>StEnd
      4  1dc8		       85 8d		      sta	stVec+1
      5  1dca		       24 80		      bit	$80
      6  1dcc		       85 14		      sta	RESBL
      7  1dce		       85 02		      sta	WSYNC
      0  1dd0					      LINE_B
      1  1dd0		       b9 a0 f1 	      lda	BoxTab,y
      2  1dd3		       85 0e		      sta	PF1
      3  1dd5		       b1 80		      lda	(pc0),y
      4  1dd7		       85 1b		      sta	GRP0
      5  1dd9		       86 21		      stx	HMP1
      6  1ddb		       b1 88		      lda	(p1ptr),y
      7  1ddd		       85 1c		      sta	GRP1
      8  1ddf		       b1 8a		      lda	(p1col),y
      9  1de1		       85 07		      sta	COLUP1
     10  1de3		       b1 82		      lda	(pc1),y
     11  1de5		       86 0e		      stx	PF1
     12  1de7		       85 1b		      sta	GRP0
     13  1de9		       b1 84		      lda	(pc2),y
     14  1deb		       85 1b		      sta	GRP0
     15  1ded		       88		      dey
      9  1dee		       a9 fc		      lda	#<StEnd
     10  1df0		       85 8c		      sta	stVec
     11  1df2		       c4 8e		      cpy	nextEv
     12  1df4		       f0 03		      beq	.ev
     13  1df6		       4c 47 fa 	      jmp	RowA
     14  1df9		       4c 92 fa    .ev	      jmp	EvRowA
   1208  1dfc				   StEnd      SUBROUTINE		; row 79 (y 0): the last line B, then overscan
   1209  1dfc		       85 02		      sta	WSYNC
      0  1dfe					      LINE_B
      1  1dfe		       b9 a0 f1 	      lda	BoxTab,y
      2  1e01		       85 0e		      sta	PF1
      3  1e03		       b1 80		      lda	(pc0),y
      4  1e05		       85 1b		      sta	GRP0
      5  1e07		       86 21		      stx	HMP1
      6  1e09		       b1 88		      lda	(p1ptr),y
      7  1e0b		       85 1c		      sta	GRP1
      8  1e0d		       b1 8a		      lda	(p1col),y
      9  1e0f		       85 07		      sta	COLUP1
     10  1e11		       b1 82		      lda	(pc1),y
     11  1e13		       86 0e		      stx	PF1
     12  1e15		       85 1b		      sta	GRP0
     13  1e17		       b1 84		      lda	(pc2),y
     14  1e19		       85 1b		      sta	GRP0
     15  1e1b		       88		      dey
   1211  1e1c		       85 02		      sta	WSYNC
   1212  1e1e		       a9 02		      lda	#2
   1213  1e20		       85 01		      sta	VBLANK
   1214  1e22		       a9 00		      lda	#0
   1215  1e24		       85 1b		      sta	GRP0
   1216  1e26		       85 1c		      sta	GRP1
   1217  1e28		       85 1f		      sta	ENABL
   1218  1e2a		       85 1e		      sta	ENAM1
   1219  1e2c		       85 0e		      sta	PF1
   1220  1e2e		       a2 ff		      ldx	#STACKTOP
   1221  1e30		       9a		      txs
   1222  1e31		       4c e6 ff 	      jmp	ToBank0
   1223  1e34
   1224  1e34							;-------------------------------------------------------------------------------
------- FILE gen/variants.inc LEVEL 2 PASS 2
      0  1e34					      include	"gen/variants.inc"
      1  1e34							; generated by tools/gen.mjs -- do not edit
      2  1e34				   EvA0 		; line A tail after the rts (cycle 58): enemy graphics pointer
      3  1e34		       68		      pla
      4  1e35		       85 88		      sta	p1ptr
      5  1e37		       68		      pla
      6  1e38		       85 89		      sta	p1ptr+1
      7  1e3a		       85 02		      sta	WSYNC
      8  1e3c				   EvB0 		; RESP1 lands on cycle 34 (x 42), line B work ends at 70
      9  1e3c		       b9 a0 f1 	      lda	BoxTab,y
     10  1e3f		       85 0e		      sta	PF1
     11  1e41		       b1 80		      lda	(pc0),y
     12  1e43		       85 1b		      sta	GRP0
     13  1e45		       68		      pla
     14  1e46		       85 8a		      sta	p1col
     15  1e48		       68		      pla
     16  1e49		       85 8b		      sta	p1col+1
     17  1e4b		       24 80		      bit	$80
     18  1e4d		       85 11		      sta	RESP1
     19  1e4f		       b1 82		      lda	(pc1),y
     20  1e51		       86 0e		      stx	PF1
     21  1e53		       85 1b		      sta	GRP0
     22  1e55		       b1 84		      lda	(pc2),y
     23  1e57		       88		      dey
     24  1e58		       85 1b		      sta	GRP0
     25  1e5a		       68		      pla
     26  1e5b		       85 21		      sta	HMP1
     27  1e5d		       68		      pla
     28  1e5e		       85 8e		      sta	nextEv
     29  1e60		       24 80		      bit	$80
     30  1e62		       4c 49 fa 	      jmp	RowAH	; ends on cycle 76
     31  1e65				   EvA1 		; line A tail after the rts (cycle 58): enemy graphics pointer
     32  1e65		       68		      pla
     33  1e66		       85 88		      sta	p1ptr
     34  1e68		       68		      pla
     35  1e69		       85 89		      sta	p1ptr+1
     36  1e6b		       85 02		      sta	WSYNC
     37  1e6d				   EvB1 		; RESP1 lands on cycle 39 (x 57), line B work ends at 70
     38  1e6d		       b9 a0 f1 	      lda	BoxTab,y
     39  1e70		       85 0e		      sta	PF1
     40  1e72		       b1 80		      lda	(pc0),y
     41  1e74		       85 1b		      sta	GRP0
     42  1e76		       68		      pla
     43  1e77		       85 8a		      sta	p1col
     44  1e79		       68		      pla
     45  1e7a		       85 8b		      sta	p1col+1
     46  1e7c		       b1 82		      lda	(pc1),y
     47  1e7e		       24 80		      bit	$80
     48  1e80		       85 11		      sta	RESP1
     49  1e82		       86 0e		      stx	PF1
     50  1e84		       85 1b		      sta	GRP0
     51  1e86		       b1 84		      lda	(pc2),y
     52  1e88		       88		      dey
     53  1e89		       85 1b		      sta	GRP0
     54  1e8b		       68		      pla
     55  1e8c		       85 21		      sta	HMP1
     56  1e8e		       68		      pla
     57  1e8f		       85 8e		      sta	nextEv
     58  1e91		       24 80		      bit	$80
     59  1e93		       4c 49 fa 	      jmp	RowAH	; ends on cycle 76
     60  1e96				   EvA2 		; line A tail after the rts (cycle 58): enemy graphics pointer
     61  1e96		       68		      pla
     62  1e97		       85 88		      sta	p1ptr
     63  1e99		       68		      pla
     64  1e9a		       85 89		      sta	p1ptr+1
     65  1e9c		       85 02		      sta	WSYNC
     66  1e9e				   EvB2 		; RESP1 lands on cycle 44 (x 72), line B work ends at 69
     67  1e9e		       b9 a0 f1 	      lda	BoxTab,y
     68  1ea1		       85 0e		      sta	PF1
     69  1ea3		       b1 80		      lda	(pc0),y
     70  1ea5		       85 1b		      sta	GRP0
     71  1ea7		       68		      pla
     72  1ea8		       85 8a		      sta	p1col
     73  1eaa		       68		      pla
     74  1eab		       85 8b		      sta	p1col+1
     75  1ead		       b1 82		      lda	(pc1),y
     76  1eaf		       ea		      nop
     77  1eb0		       86 0e		      stx	PF1
     78  1eb2		       85 1b		      sta	GRP0
     79  1eb4		       85 11		      sta	RESP1
     80  1eb6		       68		      pla
     81  1eb7		       85 21		      sta	HMP1
     82  1eb9		       b1 84		      lda	(pc2),y
     83  1ebb		       85 1b		      sta	GRP0
     84  1ebd		       88		      dey
     85  1ebe		       68		      pla
     86  1ebf		       85 8e		      sta	nextEv
     87  1ec1		       ea		      nop
     88  1ec2		       ea		      nop
     89  1ec3		       4c 49 fa 	      jmp	RowAH	; ends on cycle 76
     90  1ec6				   EvA3 		; line A tail after the rts (cycle 58): enemy graphics pointer
     91  1ec6		       68		      pla
     92  1ec7		       85 88		      sta	p1ptr
     93  1ec9		       68		      pla
     94  1eca		       85 89		      sta	p1ptr+1
     95  1ecc		       85 02		      sta	WSYNC
     96  1ece				   EvB3 		; RESP1 lands on cycle 49 (x 87), line B work ends at 67
     97  1ece		       b9 a0 f1 	      lda	BoxTab,y
     98  1ed1		       85 0e		      sta	PF1
     99  1ed3		       b1 80		      lda	(pc0),y
    100  1ed5		       85 1b		      sta	GRP0
    101  1ed7		       68		      pla
    102  1ed8		       85 8a		      sta	p1col
    103  1eda		       68		      pla
    104  1edb		       85 8b		      sta	p1col+1
    105  1edd		       68		      pla
    106  1ede		       85 21		      sta	HMP1
    107  1ee0		       86 0e		      stx	PF1
    108  1ee2		       b1 82		      lda	(pc1),y
    109  1ee4		       85 1b		      sta	GRP0
    110  1ee6		       85 11		      sta	RESP1
    111  1ee8		       b1 84		      lda	(pc2),y
    112  1eea		       88		      dey
    113  1eeb		       85 1b		      sta	GRP0
    114  1eed		       68		      pla
    115  1eee		       85 8e		      sta	nextEv
    116  1ef0		       ea		      nop
    117  1ef1		       ea		      nop
    118  1ef2		       ea		      nop
    119  1ef3		       4c 49 fa 	      jmp	RowAH	; ends on cycle 76
    120  1ef6				   EvA4 		; line A tail after the rts (cycle 58): enemy graphics pointer
    121  1ef6		       68		      pla
    122  1ef7		       85 88		      sta	p1ptr
    123  1ef9		       68		      pla
    124  1efa		       85 89		      sta	p1ptr+1
    125  1efc		       85 02		      sta	WSYNC
    126  1efe				   EvB4 		; RESP1 lands on cycle 54 (x 102), line B work ends at 67
    127  1efe		       b9 a0 f1 	      lda	BoxTab,y
    128  1f01		       85 0e		      sta	PF1
    129  1f03		       b1 80		      lda	(pc0),y
    130  1f05		       85 1b		      sta	GRP0
    131  1f07		       68		      pla
    132  1f08		       85 8a		      sta	p1col
    133  1f0a		       68		      pla
    134  1f0b		       85 8b		      sta	p1col+1
    135  1f0d		       68		      pla
    136  1f0e		       85 21		      sta	HMP1
    137  1f10		       86 0e		      stx	PF1
    138  1f12		       b1 82		      lda	(pc1),y
    139  1f14		       85 1b		      sta	GRP0
    140  1f16		       b1 84		      lda	(pc2),y
    141  1f18		       85 11		      sta	RESP1
    142  1f1a		       88		      dey
    143  1f1b		       85 1b		      sta	GRP0
    144  1f1d		       68		      pla
    145  1f1e		       85 8e		      sta	nextEv
    146  1f20		       ea		      nop
    147  1f21		       ea		      nop
    148  1f22		       ea		      nop
    149  1f23		       4c 49 fa 	      jmp	RowAH	; ends on cycle 76
    150  1f26				   EvA5 		; line A tail after the rts (cycle 58): enemy graphics pointer
    151  1f26		       68		      pla
    152  1f27		       85 88		      sta	p1ptr
    153  1f29		       68		      pla
    154  1f2a		       85 89		      sta	p1ptr+1
    155  1f2c		       85 02		      sta	WSYNC
    156  1f2e				   EvB5 		; RESP1 lands on cycle 59 (x 117), line B work ends at 67
    157  1f2e		       b9 a0 f1 	      lda	BoxTab,y
    158  1f31		       85 0e		      sta	PF1
    159  1f33		       b1 80		      lda	(pc0),y
    160  1f35		       85 1b		      sta	GRP0
    161  1f37		       68		      pla
    162  1f38		       85 8a		      sta	p1col
    163  1f3a		       68		      pla
    164  1f3b		       85 8b		      sta	p1col+1
    165  1f3d		       68		      pla
    166  1f3e		       85 21		      sta	HMP1
    167  1f40		       86 0e		      stx	PF1
    168  1f42		       b1 82		      lda	(pc1),y
    169  1f44		       85 1b		      sta	GRP0
    170  1f46		       b1 84		      lda	(pc2),y
    171  1f48		       88		      dey
    172  1f49		       85 1b		      sta	GRP0
    173  1f4b		       85 11		      sta	RESP1
    174  1f4d		       68		      pla
    175  1f4e		       85 8e		      sta	nextEv
    176  1f50		       ea		      nop
    177  1f51		       ea		      nop
    178  1f52		       ea		      nop
    179  1f53		       4c 49 fa 	      jmp	RowAH	; ends on cycle 76
    180  1f56				   EvA6 		; line A tail after the rts (cycle 58): enemy graphics pointer
    181  1f56		       68		      pla
    182  1f57		       85 88		      sta	p1ptr
    183  1f59		       68		      pla
    184  1f5a		       85 89		      sta	p1ptr+1
    185  1f5c		       85 02		      sta	WSYNC
    186  1f5e				   EvB6 		; RESP1 lands on cycle 64 (x 132), line B work ends at 67
    187  1f5e		       b9 a0 f1 	      lda	BoxTab,y
    188  1f61		       85 0e		      sta	PF1
    189  1f63		       b1 80		      lda	(pc0),y
    190  1f65		       85 1b		      sta	GRP0
    191  1f67		       68		      pla
    192  1f68		       85 8a		      sta	p1col
    193  1f6a		       68		      pla
    194  1f6b		       85 8b		      sta	p1col+1
    195  1f6d		       68		      pla
    196  1f6e		       85 21		      sta	HMP1
    197  1f70		       86 0e		      stx	PF1
    198  1f72		       b1 82		      lda	(pc1),y
    199  1f74		       85 1b		      sta	GRP0
    200  1f76		       b1 84		      lda	(pc2),y
    201  1f78		       85 1b		      sta	GRP0
    202  1f7a		       68		      pla
    203  1f7b		       85 8e		      sta	nextEv
    204  1f7d		       85 11		      sta	RESP1
    205  1f7f		       88		      dey
    206  1f80		       ea		      nop
    207  1f81		       ea		      nop
    208  1f82		       ea		      nop
    209  1f83		       4c 49 fa 	      jmp	RowAH	; ends on cycle 76
    210  1f86				   EvA7 		; line A tail after the rts (cycle 58): enemy graphics pointer
    211  1f86		       68		      pla
    212  1f87		       85 88		      sta	p1ptr
    213  1f89		       68		      pla
    214  1f8a		       85 89		      sta	p1ptr+1
    215  1f8c		       85 02		      sta	WSYNC
    216  1f8e				   EvB7 		; RESP1 lands on cycle 69 (x 147), line B work ends at 70
    217  1f8e		       b9 a0 f1 	      lda	BoxTab,y
    218  1f91		       85 0e		      sta	PF1
    219  1f93		       b1 80		      lda	(pc0),y
    220  1f95		       85 1b		      sta	GRP0
    221  1f97		       68		      pla
    222  1f98		       85 8a		      sta	p1col
    223  1f9a		       68		      pla
    224  1f9b		       85 8b		      sta	p1col+1
    225  1f9d		       68		      pla
    226  1f9e		       85 21		      sta	HMP1
    227  1fa0		       86 0e		      stx	PF1
    228  1fa2		       b1 82		      lda	(pc1),y
    229  1fa4		       85 1b		      sta	GRP0
    230  1fa6		       b1 84		      lda	(pc2),y
    231  1fa8		       88		      dey
    232  1fa9		       85 1b		      sta	GRP0
    233  1fab		       68		      pla
    234  1fac		       85 8e		      sta	nextEv
    235  1fae		       24 80		      bit	$80
    236  1fb0		       85 11		      sta	RESP1
    237  1fb2		       24 80		      bit	$80
    238  1fb4		       4c 49 fa 	      jmp	RowAH	; ends on cycle 76
------- FILE toywars.asm
   1226  1fb7
   1227  1fb7							;-------------------------------------------------------------------------------
   1228  1fe0					      ORG	$1FE0
   1229  1fe0					      RORG	$FFE0
   1230  1fe0		       ad f6 ff 	      lda	$FFF6	; (bank 0 switches to 1 here)
   1231  1fe3		       4c b3 f9 	      jmp	PreKernel	; $FFE3
   1232  1fe6				   ToBank0
   1233  1fe6		       ad f6 ff 	      lda	$FFF6	; $FFE6: bank 0 continues at $FFE9
   1234  1ff0					      ORG	$1FF0
   1235  1ff0					      RORG	$FFF0
   1236  1ff0				   Reset1
   1237  1ff0		       ad f6 ff 	      lda	$FFF6
   1238  1ffa					      ORG	$1FFA
   1239  1ffa					      RORG	$FFFA
   1240  1ffa		       f0 ff f0 ff*	      .word.w	Reset1, Reset1, Reset1
   1241  2000
   1242  2000							;===============================================================================
   1243  2000							; BANKS 2 and 3: game logic (logic.asm); sound steps and music (sound.asm)
   1244  2000							;===============================================================================
   1245  3000 ????				      SEG	bank2
   1246  2000					      ORG	$2000
   1247  2000					      RORG	$F000
   1248  2000		       00 00 00 00*	      ds	256, 0	; Super Chip RAM window
------- FILE logic.asm LEVEL 2 PASS 2
      0  2100					      include	"logic.asm"
      1  2100							; TOY WARS game logic (bank 2), included by toywars.asm.
      2  2100							;
      3  2100							; LogicInit runs once at power-on, Logic once per frame in overscan. Game
      4  2100							; state is in Super Chip RAM: read at R_name, written at W_name, so every
      5  2100							; change is load / modify / store (no INC/DEC on it). Toys and shots take
      6  2100							; turns: shots move on even frames, toys act on odd ones.
      7  2100
      8  2100		       00 01	   TOY_ARMY   =	1
      9  2100		       00 02	   TOY_TEDDY  =	2
     10  2100		       00 03	   TOY_TANK   =	3
     11  2100		       00 04	   TOY_JACK   =	4
     12  2100		       00 05	   TOY_CANNON =	5
     13  2100		       00 06	   TOY_JET    =	6
     14  2100		       00 01	   EN_DINO    =	1
     15  2100		       00 02	   EN_HELI    =	2
     16  2100		       00 03	   EN_CRAWL   =	3
     17  2100		       00 04	   EN_MOUSE   =	4
     18  2100		       00 05	   EN_KNIGHT  =	5
     19  2100		       00 06	   EN_BALLOON =	6
     20  2100		       00 07	   EN_POGO    =	7
     21  2100		       00 08	   EN_TREX    =	8
     22  2100		       00 09	   EN_JET     =	9	; a launched jet (drawn like an enemy, in green)
     23  2100		       00 09	   NKINDS     =	9	; (kind 0 = none; the jet has no pace entry)
     24  2100		       00 01	   SHOT_ARMY  =	1
     25  2100		       00 02	   SHOT_TANK  =	2
     26  2100		       00 03	   SHOT_CANNON =	3
     27  2100		       00 0c	   SPLASH     =	12	; a cannonball's splash reach, pixels each way
     28  2100		       00 03	   CANNON_DMG =	3
     29  2100		       00 0a	   JET_DMG    =	10
     30  2100		       00 b0	   KILLED     =	temp+3	; this frame an enemy died or a toy went down (the
     31  2100							;   spawner waits; overscan only: VBLANK uses temp)
     32  2100		       00 14	   JACK_DMG   =	20	; a jack-in-the-box's spring: damage to each enemy
     33  2100		       00 08	   JACK_REACH =	8	;   within this many pixels of the one that sprang it,
     34  2100		       00 10	   JACK_THROW =	16	;   thrown this many pixels back up the shelf (short of
     35  2100							;   the next column's toy: it springs at x + 8 at most)
     36  2100		       00 f0	   TRICKLE    =	240	; frames per battery (one byte: at most 255)
     37  2100		       00 01	   A_LAP2_HP  =	1	; extra health for every enemy in the second lap on difficulty A
     38  2100		       00 96	   TRICKLE2   =	150	;   in the second lap (2.5 s)
     39  2100		       00 00	   ST_ATTRACT =	0
     40  2100		       00 01	   ST_PLAY    =	1
     41  2100		       00 02	   ST_OVER    =	2
     42  2100		       00 0e	   COL_WHITE  =	$0E
     43  2100		       00 29	   BREACH_X   =	41	; an enemy left of this is at the toy box
     44  2100		       00 28	   JET_X0     =	BREACH_X - 1	; where a jet takes off
     45  2100
     46  2100							; sound effects (ids into SndStart/SndChan/SndPri)
     47  2100		       00 00	   SND_CURSOR =	0
     48  2100		       00 01	   SND_SELECT =	1
     49  2100		       00 02	   SND_PLACE  =	2
     50  2100		       00 03	   SND_PICK   =	3
     51  2100		       00 04	   SND_NOBATT =	4
     52  2100		       00 05	   SND_WAVE   =	5
     53  2100		       00 06	   SND_OVER   =	6
     54  2100		       00 07	   SND_POP    =	7
     55  2100		       00 08	   SND_BOOM   =	8
     56  2100		       00 09	   SND_THUMP  =	9
     57  2100		       00 0a	   SND_SPRING =	10
     58  2100		       00 0b	   SND_HIT    =	11
     59  2100		       00 0c	   SND_KILL   =	12
     60  2100		       00 0d	   SND_CHEW   =	13
     61  2100		       00 0e	   SND_SLAM   =	14
     62  2100		       00 0f	   SND_JET    =	15
     63  2100
     64  2100					      MAC	sound
     65  2100					      lda	#{1}
     66  2100					      jsr	SndPlay
     67  2100					      ENDM		; play sound {1} (keeps X and Y)
     68  2100
     69  2100							;-------------------------------------------------------------------------------
     70  2100				   LogicInit
     71  2100					      SUBROUTINE
     72  2100		       a9 01		      lda	#1
     73  2102		       8d 5f f0 	      sta	W_rand
     74  2105		       a9 00		      lda	#ST_ATTRACT
     75  2107		       8d 5b f0 	      sta	W_state
     76  210a		       a9 01		      lda	#1
     77  210c		       8d 3f f0 	      sta	W_game
     78  210f		       20 fa f1 	      jsr	ClearBoard
     79  2112		       a9 20		      lda	#$20	; the status line shows GAME 1
     80  2114		       8d 61 f0 	      sta	W_dirty
     81  2117		       60		      rts
     82  2118
     83  2118							;-------------------------------------------------------------------------------
     84  2118				   Logic
     85  2118					      SUBROUTINE
     86  2118		       20 d0 f2 	      jsr	Random
     87  211b							; Game Reset starts a new game (on the press)
     88  211b		       ad 82 02 	      lda	SWCHB
     89  211e		       4a		      lsr
     90  211f		       b0 10		      bcs	.noReset
     91  2121		       ad d9 f0 	      lda	R_swPrev
     92  2124		       d0 10		      bne	.input
     93  2126		       a9 01		      lda	#1
     94  2128		       8d 59 f0 	      sta	W_swPrev
     95  212b		       20 47 f2 	      jsr	NewGame
     96  212e		       4c 36 f1 	      jmp	.input
     97  2131				   .noReset
     98  2131		       a9 00		      lda	#0
     99  2133		       8d 59 f0 	      sta	W_swPrev
    100  2136				   .input
    101  2136		       20 af f1 	      jsr	GameSelect
    102  2139							; from wave 13: second-lap pace (bit 7) and shorter spawn gaps (bit 6);
    103  2139							; the left difficulty on A: the shorter gaps from the start, and bit 5
    104  2139							; (shorter still in the second lap)
    105  2139		       ad 82 02 	      lda	SWCHB
    106  213c		       29 40		      and	#$40
    107  213e		       f0 02		      beq	.difficultyB
    108  2140		       a9 60		      lda	#$60
    109  2142				   .difficultyB
    110  2142		       a8		      tay
    111  2143		       ad d0 f0 	      lda	R_wave
    112  2146		       c9 0d		      cmp	#13
    113  2148		       98		      tya		; (keeps the carry)
    114  2149		       90 02		      bcc	.fast
    115  214b		       09 c0		      ora	#$C0
    116  214d				   .fast
    117  214d		       85 b9		      sta	fast
    118  214f		       20 dc f2 	      jsr	ReadInput
    119  2152		       ad db f0 	      lda	R_state
    120  2155		       c9 01		      cmp	#ST_PLAY
    121  2157		       f0 26		      beq	.play
    122  2159		       c9 02		      cmp	#ST_OVER
    123  215b		       f0 0a		      beq	.over
    124  215d		       a5 b3		      lda	lt2	; attract: fire starts a game
    125  215f		       10 42		      bpl	.finish
    126  2161		       20 47 f2 	      jsr	NewGame
    127  2164		       4c a3 f1 	      jmp	.finish
    128  2167				   .over
    129  2167		       ad dc f0 	      lda	R_overTimer	; game over: fire again after two seconds
    130  216a		       f0 09		      beq	.overReady
    131  216c		       38		      sec
    132  216d		       e9 01		      sbc	#1
    133  216f		       8d 5c f0 	      sta	W_overTimer
    134  2172		       4c a3 f1 	      jmp	.finish
    135  2175				   .overReady
    136  2175		       a5 b3		      lda	lt2
    137  2177		       10 2a		      bpl	.finish
    138  2179		       20 47 f2 	      jsr	NewGame
    139  217c		       4c a3 f1 	      jmp	.finish
    140  217f				   .play
    141  217f		       a9 00		      lda	#0
    142  2181		       85 b0		      sta	KILLED
    143  2183		       20 02 f3 	      jsr	Cursor
    144  2186		       20 99 f5 	      jsr	Batteries
    145  2189							; one frame's heavy work is bounded: the shots go first, and once an enemy
    146  2189							; has died (KILLED) a jet hits one enemy, not two, an enemy waits an update
    147  2189							; before reaching the toy box, and the spawner waits for the next frame
    148  2189		       a5 9c		      lda	frame
    149  218b		       4a		      lsr
    150  218c		       b0 0c		      bcs	.odd
    151  218e		       20 f1 f9 	      jsr	Shots
    152  2191		       20 75 f7 	      jsr	Enemies
    153  2194		       20 e8 f5 	      jsr	Spawner
    154  2197		       4c a3 f1 	      jmp	.finish
    155  219a				   .odd
    156  219a		       20 75 f7 	      jsr	Enemies
    157  219d		       20 46 f9 	      jsr	Toys
    158  21a0		       20 a3 fa 	      jsr	Splash
    159  21a3				   .finish
    160  21a3				   Finish
    161  21a3		       20 1d fb 	      jsr	Flash
    162  21a6		       a5 9c		      lda	frame	; odd frames (with the toys): the kernel's toy
    163  21a8		       4a		      lsr		; pointers
    164  21a9		       90 03		      bcc	.evenFinish
    165  21ab		       4c 36 fb 	      jmp	SlotPointers
    166  21ae				   .evenFinish
    167  21ae		       60		      rts
    168  21af
    169  21af							;-------------------------------------------------------------------------------
    170  21af
    171  21af							;-------------------------------------------------------------------------------
    172  21af							; GameSelect: on the press, a game in progress (or over) ends and the
    173  21af							; selection shows; pressed again, the next game (1-3). Reset or fire starts it.
    174  21af				   GameSelect
    175  21af					      SUBROUTINE
    176  21af		       ad 82 02 	      lda	SWCHB
    177  21b2		       29 02		      and	#$02
    178  21b4		       d0 36		      bne	.released
    179  21b6		       ad c0 f0 	      lda	R_selPrev
    180  21b9		       d0 30		      bne	.done
    181  21bb		       a9 01		      lda	#1
    182  21bd		       8d 40 f0 	      sta	W_selPrev
    183  21c0		       ad db f0 	      lda	R_state
    184  21c3		       c9 00		      cmp	#ST_ATTRACT
    185  21c5		       f0 0b		      beq	.next
    186  21c7		       a9 00		      lda	#ST_ATTRACT
    187  21c9		       8d 5b f0 	      sta	W_state
    188  21cc		       20 fa f1 	      jsr	ClearBoard
    189  21cf		       4c e1 f1 	      jmp	.show
    190  21d2				   .next
    191  21d2		       ad bf f0 	      lda	R_game
    192  21d5		       18		      clc
    193  21d6		       69 01		      adc	#1
    194  21d8		       c9 04		      cmp	#4
    195  21da		       90 02		      bcc	.set
    196  21dc		       a9 01		      lda	#1
    197  21de				   .set
    198  21de		       8d 3f f0 	      sta	W_game
    199  21e1				   .show
    200  21e1		       a9 20		      lda	#$20
    201  21e3		       8d 61 f0 	      sta	W_dirty
      0  21e6					      SOUND	SND_SELECT
      1  21e6		       a9 01		      lda	#SND_SELECT
      2  21e8		       20 02 fc 	      jsr	SndPlay
    203  21eb				   .done
    204  21eb		       60		      rts
    205  21ec				   .released
    206  21ec		       a9 00		      lda	#0
    207  21ee		       8d 40 f0 	      sta	W_selPrev
    208  21f1		       60		      rts
    209  21f2
    210  21f2		       00 01 05 09 GameWave   .byte.b	0, 1, 5, 9
    211  21f6		       00 1e 32 46 GameBatt   .byte.b	0, 30, 50, 70
    212  21fa
    213  21fa							;-------------------------------------------------------------------------------
    214  21fa				   ClearBoard
    215  21fa					      SUBROUTINE
    216  21fa		       a2 08		      ldx	#8
    217  21fc				   .slots
    218  21fc		       a9 00		      lda	#0
    219  21fe		       9d 19 f0 	      sta	W_slotType,x
    220  2201		       9d 22 f0 	      sta	W_slotHP,x
    221  2204		       9d 2b f0 	      sta	W_slotCool,x
    222  2207		       bd 73 fd 	      lda	EmptyLo,x	; and the kernel's pointer, right away
    223  220a		       95 90		      sta	slotPtr,x
    224  220c		       ca		      dex
    225  220d		       10 ed		      bpl	.slots
    226  220f		       a9 00		      lda	#0
    227  2211		       a2 04		      ldx	#NENEMY-1
    228  2213				   .enemies
    229  2213		       9d 0a f0 	      sta	W_eType,x
    230  2216		       9d 14 f0 	      sta	W_eState,x
    231  2219		       ca		      dex
    232  221a		       10 f7		      bpl	.enemies
    233  221c		       a9 ff		      lda	#$FF
    234  221e		       a2 04		      ldx	#NENEMY-1
    235  2220				   .rows
    236  2220		       95 9e		      sta	eTop,x
    237  2222		       9d 05 f0 	      sta	W_eLane,x
    238  2225		       ca		      dex
    239  2226		       10 f8		      bpl	.rows
    240  2228		       a9 00		      lda	#0
    241  222a		       a2 02		      ldx	#2
    242  222c		       8d 4b f0 	      sta	W_splashN
    243  222f		       8d 4c f0 	      sta	W_bag
    244  2232				   .shots
    245  2232		       a9 00		      lda	#0
    246  2234		       9d 43 f0 	      sta	W_shotDmg,x
    247  2237		       a9 50		      lda	#80	; 80 = no shot (the pointer reads zeros)
    248  2239		       95 99		      sta	shotPtr,x
    249  223b		       ca		      dex
    250  223c		       10 f4		      bpl	.shots
    251  223e		       a9 00		      lda	#0
    252  2240		       8d 60 f0 	      sta	W_flash
    253  2243		       8d 3c f0 	      sta	W_packLeft
    254  2246		       60		      rts
    255  2247
    256  2247				   NewGame
    257  2247					      SUBROUTINE
    258  2247		       20 fa f1 	      jsr	ClearBoard
    259  224a		       a9 00		      lda	#0
    260  224c		       8d 4d f0 	      sta	W_score
    261  224f		       8d 4e f0 	      sta	W_score+1
    262  2252		       8d 4f f0 	      sta	W_score+2
    263  2255		       8d 5a f0 	      sta	W_lids
    264  2258		       8d 52 f0 	      sta	W_battTimer
    265  225b		       8d 57 f0 	      sta	W_repeat
    266  225e		       8d 58 f0 	      sta	W_fireState
    267  2261		       ae bf f0 	      ldx	R_game	; games 2 and 3 start later, with more batteries
    268  2264		       bd f6 f1 	      lda	GameBatt,x
    269  2267		       8d 51 f0 	      sta	W_batt
    270  226a		       bd f2 f1 	      lda	GameWave,x
    271  226d		       8d 50 f0 	      sta	W_wave
    272  2270		       a9 01		      lda	#1
    273  2272		       8d 54 f0 	      sta	W_toy
    274  2275		       a9 03		      lda	#3	; cursor on the middle shelf, first column
    275  2277		       8d 53 f0 	      sta	W_cursor
    276  227a		       a9 01		      lda	#ST_PLAY
    277  227c		       8d 5b f0 	      sta	W_state
    278  227f		       a9 80		      lda	#$80	; fire counts as held: the press that started the game does nothing
    279  2281		       8d 56 f0 	      sta	W_input
    280  2284		       a9 07		      lda	#7
    281  2286		       8d 61 f0 	      sta	W_dirty
    282  2289		       4c 8c f2 	      jmp	StartWave
    283  228c
    284  228c							; StartWave: set up the wave in W_wave (enemy count, the toys unlocked)
    285  228c				   StartWave
    286  228c					      SUBROUTINE
    287  228c		       20 bf f2 	      jsr	WaveIndex
    288  228f		       bd ec fc 	      lda	WaveCount,x
    289  2292		       8d 5d f0 	      sta	W_spawnLeft
    290  2295		       bd f8 fc 	      lda	WaveBoss,x
    291  2298		       8d 3b f0 	      sta	W_bossLeft
    292  229b		       a9 5a		      lda	#90	; a three-second breather (ticks of 2 frames)
    293  229d		       8d 5e f0 	      sta	W_spawnTimer
    294  22a0		       ad d0 f0 	      lda	R_wave
    295  22a3		       c9 0d		      cmp	#13
    296  22a5		       90 04		      bcc	.lap1
    297  22a7		       a9 06		      lda	#TOY_JET	; second lap and later: every toy
    298  22a9		       d0 03		      bne	.unlock
    299  22ab				   .lap1
    300  22ab		       bd 28 fd 	      lda	WaveUnlock,x
    301  22ae				   .unlock
    302  22ae		       8d 55 f0 	      sta	W_unlock
    303  22b1		       ad e1 f0 	      lda	R_dirty
    304  22b4		       09 04		      ora	#4
    305  22b6		       8d 61 f0 	      sta	W_dirty
      0  22b9					      SOUND	SND_WAVE
      1  22b9		       a9 05		      lda	#SND_WAVE
      2  22bb		       20 02 fc 	      jsr	SndPlay
    307  22be		       60		      rts
    308  22bf
    309  22bf				   WaveIndex		; X = (wave - 1) mod 12
    310  22bf					      SUBROUTINE
    311  22bf		       ad d0 f0 	      lda	R_wave
    312  22c2		       38		      sec
    313  22c3		       e9 01		      sbc	#1
    314  22c5				   .mod
    315  22c5		       c9 0c		      cmp	#12
    316  22c7		       90 05		      bcc	.done
    317  22c9		       e9 0c		      sbc	#12
    318  22cb		       4c c5 f2 	      jmp	.mod
    319  22ce				   .done
    320  22ce		       aa		      tax
    321  22cf		       60		      rts
    322  22d0
    323  22d0							;-------------------------------------------------------------------------------
    324  22d0				   Random		; 8-bit Galois LFSR
    325  22d0					      SUBROUTINE
    326  22d0		       ad df f0 	      lda	R_rand
    327  22d3		       4a		      lsr
    328  22d4		       90 02		      bcc	.noEor
    329  22d6		       49 b4		      eor	#$B4
    330  22d8				   .noEor
    331  22d8		       8d 5f f0 	      sta	W_rand
    332  22db		       60		      rts
    333  22dc
    334  22dc							; ReadInput: lt1 = this frame's input (bits 3-0 right left down up, bit 7
    335  22dc							; fire; 1 = pressed), lt2 = pressed since last frame, lt3 = last frame's
    336  22dc				   ReadInput
    337  22dc					      SUBROUTINE
    338  22dc		       ad 80 02 	      lda	SWCHA
    339  22df		       49 ff		      eor	#$FF
    340  22e1		       4a		      lsr
    341  22e2		       4a		      lsr
    342  22e3		       4a		      lsr
    343  22e4		       4a		      lsr
    344  22e5		       85 b2		      sta	lt1
    345  22e7		       a5 0c		      lda	INPT4
    346  22e9		       30 06		      bmi	.noFire
    347  22eb		       a5 b2		      lda	lt1
    348  22ed		       09 80		      ora	#$80
    349  22ef		       85 b2		      sta	lt1
    350  22f1				   .noFire
    351  22f1		       ad d6 f0 	      lda	R_input
    352  22f4		       85 b4		      sta	lt3
    353  22f6		       49 ff		      eor	#$FF
    354  22f8		       25 b2		      and	lt1
    355  22fa		       85 b3		      sta	lt2
    356  22fc		       a5 b2		      lda	lt1
    357  22fe		       8d 56 f0 	      sta	W_input
    358  2301		       60		      rts
    359  2302
    360  2302							;-------------------------------------------------------------------------------
    361  2302							; Cursor: the joystick moves the cursor over the nine slots (auto-repeat
    362  2302							; when held). Holding fire, left/right choose the toy instead; releasing fire
    363  2302							; without having changed toys places the toy (or picks one up).
    364  2302				   Cursor
    365  2302					      SUBROUTINE
    366  2302		       a5 b3		      lda	lt2
    367  2304		       10 05		      bpl	.noPress
    368  2306		       a9 01		      lda	#1
    369  2308		       8d 58 f0 	      sta	W_fireState
    370  230b				   .noPress
    371  230b		       a5 b2		      lda	lt1
    372  230d		       10 1b		      bpl	.notHeld
    373  230f		       a5 b3		      lda	lt2
    374  2311		       29 08		      and	#$08
    375  2313		       f0 06		      beq	.noNext
    376  2315		       20 a4 f3 	      jsr	NextToy
    377  2318		       4c 24 f3 	      jmp	.changed
    378  231b				   .noNext
    379  231b		       a5 b3		      lda	lt2
    380  231d		       29 04		      and	#$04
    381  231f		       f0 08		      beq	.heldDone
    382  2321		       20 bc f3 	      jsr	PrevToy
    383  2324				   .changed
    384  2324		       a9 02		      lda	#2
    385  2326		       8d 58 f0 	      sta	W_fireState
    386  2329				   .heldDone
    387  2329		       60		      rts
    388  232a				   .notHeld
    389  232a		       a5 b4		      lda	lt3
    390  232c		       10 0f		      bpl	.move	; fire wasn't down last frame
    391  232e		       ad d8 f0 	      lda	R_fireState
    392  2331		       c9 01		      cmp	#1
    393  2333		       d0 03		      bne	.clear
    394  2335		       20 d0 f3 	      jsr	Act
    395  2338				   .clear
    396  2338		       a9 00		      lda	#0
    397  233a		       8d 58 f0 	      sta	W_fireState
    398  233d				   .move
    399  233d		       a5 b2		      lda	lt1
    400  233f		       29 0f		      and	#$0F
    401  2341		       d0 06		      bne	.dir
    402  2343		       a9 00		      lda	#0
    403  2345		       8d 57 f0 	      sta	W_repeat
    404  2348		       60		      rts
    405  2349				   .dir
    406  2349		       a5 b3		      lda	lt2
    407  234b		       29 0f		      and	#$0F
    408  234d		       f0 0a		      beq	.held
    409  234f		       a9 12		      lda	#18	; first repeat after 18 frames
    410  2351		       8d 57 f0 	      sta	W_repeat
    411  2354		       a5 b3		      lda	lt2
    412  2356		       4c 6b f3 	      jmp	.step
    413  2359				   .held
    414  2359		       ad d7 f0 	      lda	R_repeat
    415  235c		       38		      sec
    416  235d		       e9 01		      sbc	#1
    417  235f		       8d 57 f0 	      sta	W_repeat
    418  2362		       d0 3f		      bne	.done
    419  2364		       a9 06		      lda	#6	; then every 6
    420  2366		       8d 57 f0 	      sta	W_repeat
    421  2369		       a5 b2		      lda	lt1
    422  236b				   .step
    423  236b		       ae d3 f0 	      ldx	R_cursor
    424  236e		       4a		      lsr
    425  236f		       90 07		      bcc	.noUp
    426  2371		       e0 03		      cpx	#3
    427  2373		       90 03		      bcc	.noUp
    428  2375		       ca		      dex
    429  2376		       ca		      dex
    430  2377		       ca		      dex
    431  2378				   .noUp
    432  2378		       4a		      lsr
    433  2379		       90 07		      bcc	.noDown
    434  237b		       e0 06		      cpx	#6
    435  237d		       b0 03		      bcs	.noDown
    436  237f		       e8		      inx
    437  2380		       e8		      inx
    438  2381		       e8		      inx
    439  2382				   .noDown
    440  2382		       4a		      lsr
    441  2383		       90 06		      bcc	.noLeft
    442  2385		       bc 85 fd 	      ldy	SlotCol,x
    443  2388		       f0 01		      beq	.noLeft
    444  238a		       ca		      dex
    445  238b				   .noLeft
    446  238b		       4a		      lsr
    447  238c		       90 08		      bcc	.noRight
    448  238e		       bc 85 fd 	      ldy	SlotCol,x
    449  2391		       c0 02		      cpy	#2
    450  2393		       f0 01		      beq	.noRight
    451  2395		       e8		      inx
    452  2396				   .noRight
    453  2396		       ec d3 f0 	      cpx	R_cursor
    454  2399		       f0 05		      beq	.same
      0  239b					      SOUND	SND_CURSOR
      1  239b		       a9 00		      lda	#SND_CURSOR
      2  239d		       20 02 fc 	      jsr	SndPlay
    456  23a0				   .same
    457  23a0		       8e 53 f0 	      stx	W_cursor
    458  23a3				   .done
    459  23a3		       60		      rts
    460  23a4
    461  23a4				   NextToy
    462  23a4					      SUBROUTINE
    463  23a4		       ad d4 f0 	      lda	R_toy
    464  23a7		       18		      clc
    465  23a8		       69 01		      adc	#1
    466  23aa		       cd d5 f0 	      cmp	R_unlock
    467  23ad		       f0 04		      beq	.ok
    468  23af		       90 02		      bcc	.ok
    469  23b1		       a9 01		      lda	#1
    470  23b3				   .ok
    471  23b3		       8d 54 f0 	      sta	W_toy
      0  23b6					      SOUND	SND_SELECT
      1  23b6		       a9 01		      lda	#SND_SELECT
      2  23b8		       20 02 fc 	      jsr	SndPlay
    473  23bb		       60		      rts
    474  23bc
    475  23bc				   PrevToy
    476  23bc					      SUBROUTINE
    477  23bc		       ad d4 f0 	      lda	R_toy
    478  23bf		       38		      sec
    479  23c0		       e9 01		      sbc	#1
    480  23c2		       d0 03		      bne	.ok
    481  23c4		       ad d5 f0 	      lda	R_unlock
    482  23c7				   .ok
    483  23c7		       8d 54 f0 	      sta	W_toy
      0  23ca					      SOUND	SND_SELECT
      1  23ca		       a9 01		      lda	#SND_SELECT
      2  23cc		       20 02 fc 	      jsr	SndPlay
    485  23cf		       60		      rts
    486  23d0
    487  23d0							; Act: on the cursor's slot, place the chosen toy (if there are batteries
    488  23d0							; for it, and no monster stands there) or pick up the toy there (half its
    489  23d0							; cost back)
    490  23d0				   Act
    491  23d0					      SUBROUTINE
    492  23d0		       ae d3 f0 	      ldx	R_cursor
    493  23d3		       bd 99 f0 	      lda	R_slotType,x
    494  23d6		       f0 17		      beq	.place
    495  23d8		       a8		      tay
    496  23d9		       b9 5c fc 	      lda	ToyCost,y
    497  23dc		       4a		      lsr
    498  23dd		       18		      clc
    499  23de		       6d d1 f0 	      adc	R_batt
    500  23e1		       20 d2 f4 	      jsr	SetBatt
    501  23e4		       a9 00		      lda	#0
    502  23e6		       9d 19 f0 	      sta	W_slotType,x
      0  23e9					      SOUND	SND_PICK
      1  23e9		       a9 03		      lda	#SND_PICK
      2  23eb		       20 02 fc 	      jsr	SndPlay
    504  23ee		       60		      rts
    505  23ef				   .place
    506  23ef		       ac d4 f0 	      ldy	R_toy
    507  23f2		       c0 06		      cpy	#TOY_JET
    508  23f4		       d0 0b		      bne	.standing
    509  23f6		       ad cb f0 	      lda	R_splashN	; (no jet while a jack's spring is being swept:
    510  23f9		       29 f0		      and	#$F0	; with every enemy slot taken its strike would
    511  23fb		       c9 70		      cmp	#$70	; cut the sweep short)
    512  23fd		       f0 32		      beq	.cant
    513  23ff		       d0 05		      bne	.afford	; (a jet takes off: it never stands there)
    514  2401				   .standing
    515  2401		       20 37 f4 	      jsr	Occupied
    516  2404		       b0 2b		      bcs	.cant	; a toy can't go down on a monster
    517  2406				   .afford
    518  2406		       ad d1 f0 	      lda	R_batt
    519  2409		       d9 5c fc 	      cmp	ToyCost,y
    520  240c		       90 23		      bcc	.cant
    521  240e		       f9 5c fc 	      sbc	ToyCost,y
    522  2411		       20 d2 f4 	      jsr	SetBatt
    523  2414		       a9 01		      lda	#1	; (a busy frame: the spawner waits a frame)
    524  2416		       85 b0		      sta	KILLED
    525  2418		       c0 06		      cpy	#TOY_JET
    526  241a		       f0 50		      beq	JetStrike
    527  241c		       98		      tya
    528  241d		       9d 19 f0 	      sta	W_slotType,x
    529  2420		       b9 63 fc 	      lda	ToyHP,y
    530  2423		       9d 22 f0 	      sta	W_slotHP,x
    531  2426		       a9 05		      lda	#5	; first action after 30 frames
    532  2428		       9d 2b f0 	      sta	W_slotCool,x
      0  242b					      SOUND	SND_PLACE
      1  242b		       a9 02		      lda	#SND_PLACE
      2  242d		       20 02 fc 	      jsr	SndPlay
    534  2430		       60		      rts
    535  2431				   .cant
      0  2431					      SOUND	SND_NOBATT
      1  2431		       a9 04		      lda	#SND_NOBATT
      2  2433		       20 02 fc 	      jsr	SndPlay
    537  2436		       60		      rts
    538  2437
    539  2437							; Occupied (X = slot; keeps X and Y): carry set if a monster (not the
    540  2437							; balloon clown, which floats over) stands on it,
    541  2437							; where the toy would stop it (the toy's x to x + 8). Without this a toy
    542  2437							; dropped on a monster, or put back each time it is eaten, could hold the
    543  2437							; monster out of every shot's reach for good, and the wave would never end.
    544  2437				   Occupied
    545  2437					      SUBROUTINE
    546  2437		       84 b1		      sty	lt0
    547  2439		       bd 85 fd 	      lda	SlotCol,x
    548  243c		       a8		      tay
    549  243d		       b9 8e fd 	      lda	ColX,y
    550  2440		       85 b6		      sta	lt5	; the toy's x
    551  2442		       bd 7c fd 	      lda	SlotLane,x
    552  2445		       85 b5		      sta	lt4
    553  2447		       a0 04		      ldy	#NENEMY-1
    554  2449				   .loop
    555  2449		       b9 85 f0 	      lda	R_eLane,y	; (an empty slot's shelf is $FF, a jet's 4-6)
    556  244c		       c5 b5		      cmp	lt4
    557  244e		       d0 11		      bne	.next
    558  2450		       b9 8a f0 	      lda	R_eType,y
    559  2453		       c9 06		      cmp	#EN_BALLOON
    560  2455		       f0 0a		      beq	.next	; (it floats over toys: it never stands there)
    561  2457		       b9 80 f0 	      lda	R_eX,y
    562  245a		       38		      sec
    563  245b		       e5 b6		      sbc	lt5
    564  245d		       c9 09		      cmp	#9
    565  245f		       90 07		      bcc	.yes
    566  2461				   .next
    567  2461		       88		      dey
    568  2462		       10 e5		      bpl	.loop
    569  2464		       a4 b1		      ldy	lt0
    570  2466		       18		      clc
    571  2467		       60		      rts
    572  2468				   .yes
    573  2468		       a4 b1		      ldy	lt0
    574  246a		       38		      sec
    575  246b		       60		      rts
    576  246c
    577  246c							; JetStrike (X = slot): the jet takes off from the toy box end of the slot's
    578  246c							; shelf and flies the whole shelf (JetAct); if every enemy slot is taken, it
    579  246c							; strikes the whole shelf as a burst (Splash: one monster a frame, so five
    580  246c							; kills never land in one frame)
    581  246c				   JetStrike
    582  246c					      SUBROUTINE
      0  246c					      SOUND	SND_JET
      1  246c		       a9 0f		      lda	#SND_JET
      2  246e		       20 02 fc 	      jsr	SndPlay
    584  2471		       bd 7c fd 	      lda	SlotLane,x
    585  2474		       85 b1		      sta	lt0
    586  2476		       a9 18		      lda	#24
    587  2478		       8d 60 f0 	      sta	W_flash
    588  247b		       20 31 f7 	      jsr	FreeEnemy
    589  247e		       30 1e		      bmi	.instant
    590  2480		       a9 09		      lda	#EN_JET
    591  2482		       99 0a f0 	      sta	W_eType,y
    592  2485		       a5 b1		      lda	lt0
    593  2487		       09 04		      ora	#4	; shelves 4-6: never matches an enemy's shelf
    594  2489		       99 05 f0 	      sta	W_eLane,y
    595  248c		       a9 28		      lda	#JET_X0	; left of every enemy: its first step's nose
    596  248e		       99 00 f0 	      sta	W_eX,y	; passes the middle of one at BREACH_X
    597  2491		       a9 00		      lda	#0
    598  2493		       99 14 f0 	      sta	W_eState,y
    599  2496		       99 0f f0 	      sta	W_eHP,y
    600  2499		       98		      tya
    601  249a		       aa		      tax
    602  249b		       4c ca f8 	      jmp	EnemyRow
    603  249e				   .instant
    604  249e		       a5 b1		      lda	lt0
    605  24a0		       8d 4a f0 	      sta	W_splashL
    606  24a3		       a9 f5		      lda	#$F0|NENEMY	; a jet's burst (no monster hit first), all five
    607  24a5		       8d 4b f0 	      sta	W_splashN	; (it replaces a cannonball's burst still going)
    608  24a8		       60		      rts
    609  24a9
    610  24a9							; GainBatt: batteries = A, earned (the trickle, a kill's reward): any over
    611  24a9							; the cap of 99 become points, one each, instead of being lost. Keeps X, Y.
    612  24a9				   GainBatt
    613  24a9					      SUBROUTINE
    614  24a9		       c9 64		      cmp	#100
    615  24ab		       90 25		      bcc	SetBatt
    616  24ad		       e9 63		      sbc	#99	; (carry set) the batteries over the cap, 1-10
    617  24af		       f8		      sed
    618  24b0		       18		      clc
    619  24b1		       6d cf f0 	      adc	R_score+2
    620  24b4		       8d 4f f0 	      sta	W_score+2
    621  24b7		       ad ce f0 	      lda	R_score+1
    622  24ba		       69 00		      adc	#0
    623  24bc		       8d 4e f0 	      sta	W_score+1
    624  24bf		       ad cd f0 	      lda	R_score
    625  24c2		       69 00		      adc	#0
    626  24c4		       8d 4d f0 	      sta	W_score
    627  24c7		       d8		      cld
    628  24c8		       ad e1 f0 	      lda	R_dirty
    629  24cb		       09 01		      ora	#1
    630  24cd		       8d 61 f0 	      sta	W_dirty
    631  24d0		       a9 63		      lda	#99
    632  24d2				   SetBatt		; batteries = A (at most 99)
    633  24d2					      SUBROUTINE
    634  24d2		       c9 64		      cmp	#100
    635  24d4		       90 02		      bcc	.ok
    636  24d6		       a9 63		      lda	#99
    637  24d8				   .ok
    638  24d8		       8d 51 f0 	      sta	W_batt
    639  24db		       ad e1 f0 	      lda	R_dirty
    640  24de		       09 02		      ora	#2
    641  24e0		       8d 61 f0 	      sta	W_dirty
    642  24e3		       60		      rts
    643  24e4
    644  24e4							; MaxHP: A = enemy kind -> A = its full health now: one more every fourth
    645  24e4							; wave (every eighth for the light ones, wind-up mice and balloon clowns, which
    646  24e4							; a ramp of wave / 4 made six and three times as tough by wave 20), and in the
    647  24e4							; second lap on difficulty A one more. Keeps X and Y (uses temp+1, temp+2:
    648  24e4							; overscan only).
    649  24e4				   MaxHP
    650  24e4					      SUBROUTINE
    651  24e4		       84 ae		      sty	temp+1
    652  24e6		       a8		      tay
    653  24e7		       ad d0 f0 	      lda	R_wave
    654  24ea		       4a		      lsr
    655  24eb		       4a		      lsr
    656  24ec		       c0 04		      cpy	#EN_MOUSE
    657  24ee		       f0 04		      beq	.light
    658  24f0		       c0 06		      cpy	#EN_BALLOON
    659  24f2		       d0 01		      bne	.ramp
    660  24f4				   .light
    661  24f4		       4a		      lsr
    662  24f5				   .ramp
    663  24f5		       18		      clc
    664  24f6		       79 78 fc 	      adc	EnHP,y
    665  24f9		       85 af		      sta	temp+2
    666  24fb		       a5 b9		      lda	fast
    667  24fd		       29 a0		      and	#$A0
    668  24ff		       c9 a0		      cmp	#$A0
    669  2501		       d0 07		      bne	.done
    670  2503		       a5 af		      lda	temp+2
    671  2505		       18		      clc
    672  2506		       69 01		      adc	#A_LAP2_HP
    673  2508		       85 af		      sta	temp+2
    674  250a				   .done
    675  250a		       a4 ae		      ldy	temp+1
    676  250c		       a5 af		      lda	temp+2
    677  250e		       60		      rts
    678  250f
    679  250f							; Damage: enemy X loses A health; at 0 it is destroyed (Kill)
    680  250f				   Damage
    681  250f					      SUBROUTINE
    682  250f		       85 b5		      sta	lt4
    683  2511		       bd 8f f0 	      lda	R_eHP,x
    684  2514		       38		      sec
    685  2515		       e5 b5		      sbc	lt4
    686  2517		       f0 3b		      beq	Kill
    687  2519		       90 39		      bcc	Kill
    688  251b		       9d 0f f0 	      sta	W_eHP,x
    689  251e		       85 ad		      sta	temp	; health now
    690  2520		       bd 94 f0 	      lda	R_eState,x
    691  2523		       29 0f		      and	#$0F	; half its full health (kept since it spawned)
    692  2525		       c5 ad		      cmp	temp
    693  2527		       90 0f		      bcc	.sound	; more than half left
    694  2529		       4a		      lsr
    695  252a		       c5 ad		      cmp	temp	; (carry: a quarter or less left)
    696  252c		       bd 94 f0 	      lda	R_eState,x
    697  252f		       09 20		      ora	#$20	; hurt: half or less (the kernel shows it in the
    698  2531		       90 02		      bcc	.half	;   other color; a quarter or less, flickering)
    699  2533		       09 10		      ora	#$10
    700  2535				   .half
    701  2535		       9d 14 f0 	      sta	W_eState,x
    702  2538				   .sound
      0  2538					      SOUND	SND_HIT
      1  2538		       a9 0b		      lda	#SND_HIT
      2  253a		       20 02 fc 	      jsr	SndPlay
    704  253d		       bd 8f f0 	      lda	R_eHP,x	; (SndPlay leaves A changed)
    705  2540		       c9 03		      cmp	#3
    706  2542		       b0 0f		      bcs	.done
    707  2544		       bd 8a f0 	      lda	R_eType,x	; a knight's shield breaks
    708  2547		       c9 05		      cmp	#EN_KNIGHT
    709  2549		       d0 08		      bne	.done
    710  254b		       bd 94 f0 	      lda	R_eState,x
    711  254e		       09 40		      ora	#$40
    712  2550		       9d 14 f0 	      sta	W_eState,x
    713  2553				   .done
    714  2553		       60		      rts
    715  2554
    716  2554				   Kill 		; enemy X destroyed: batteries and score
    717  2554					      SUBROUTINE
      0  2554					      SOUND	SND_KILL
      1  2554		       a9 0c		      lda	#SND_KILL
      2  2556		       20 02 fc 	      jsr	SndPlay
    719  2559		       bc 8a f0 	      ldy	R_eType,x
    720  255c		       b9 81 fc 	      lda	EnReward,y
    721  255f		       18		      clc
    722  2560		       6d d1 f0 	      adc	R_batt
    723  2563		       20 a9 f4 	      jsr	GainBatt
    724  2566		       f8		      sed
    725  2567		       ad cf f0 	      lda	R_score+2
    726  256a		       18		      clc
    727  256b		       79 8a fc 	      adc	EnScore,y
    728  256e		       8d 4f f0 	      sta	W_score+2
    729  2571		       ad ce f0 	      lda	R_score+1
    730  2574		       69 00		      adc	#0
    731  2576		       8d 4e f0 	      sta	W_score+1
    732  2579		       ad cd f0 	      lda	R_score
    733  257c		       69 00		      adc	#0
    734  257e		       8d 4d f0 	      sta	W_score
    735  2581		       d8		      cld
    736  2582		       a9 00		      lda	#0
    737  2584		       9d 0a f0 	      sta	W_eType,x
    738  2587		       a9 ff		      lda	#$FF
    739  2589		       95 9e		      sta	eTop,x
    740  258b		       9d 05 f0 	      sta	W_eLane,x	; (no shelf: shots skip the empty slot)
    741  258e		       85 b0		      sta	KILLED
    742  2590		       ad e1 f0 	      lda	R_dirty
    743  2593		       09 01		      ora	#1
    744  2595		       8d 61 f0 	      sta	W_dirty
    745  2598		       60		      rts
    746  2599
    747  2599							;-------------------------------------------------------------------------------
    748  2599				   Batteries		; one more every TRICKLE frames (TRICKLE2 in the second lap)
    749  2599					      SUBROUTINE
    750  2599		       a0 f0		      ldy	#TRICKLE
    751  259b		       24 b9		      bit	fast
    752  259d		       10 02		      bpl	.lap1
    753  259f		       a0 96		      ldy	#TRICKLE2
    754  25a1				   .lap1
    755  25a1		       84 b1		      sty	lt0
    756  25a3		       ad d2 f0 	      lda	R_battTimer
    757  25a6		       18		      clc
    758  25a7		       69 01		      adc	#1
    759  25a9		       c5 b1		      cmp	lt0
    760  25ab		       90 0b		      bcc	.store
    761  25ad		       ad d1 f0 	      lda	R_batt
    762  25b0		       18		      clc
    763  25b1		       69 01		      adc	#1
    764  25b3		       20 a9 f4 	      jsr	GainBatt
    765  25b6		       a9 00		      lda	#0
    766  25b8				   .store
    767  25b8		       8d 52 f0 	      sta	W_battTimer
    768  25bb		       60		      rts
    769  25bc
    770  25bc				   CountAlive		; A = enemies on the shelves (Z if none); keeps X
    771  25bc					      SUBROUTINE		; (an empty slot's shelf is $FF, a flying jet's 4-6)
    772  25bc		       a0 00		      ldy	#0
    773  25be		       ad 85 f0 	      lda	R_eLane
    774  25c1		       c9 03		      cmp	#3
    775  25c3		       b0 01		      bcs	.1
    776  25c5		       c8		      iny
    777  25c6		       ad 86 f0    .1	      lda	R_eLane+1
    778  25c9		       c9 03		      cmp	#3
    779  25cb		       b0 01		      bcs	.2
    780  25cd		       c8		      iny
    781  25ce		       ad 87 f0    .2	      lda	R_eLane+2
    782  25d1		       c9 03		      cmp	#3
    783  25d3		       b0 01		      bcs	.3
    784  25d5		       c8		      iny
    785  25d6		       ad 88 f0    .3	      lda	R_eLane+3
    786  25d9		       c9 03		      cmp	#3
    787  25db		       b0 01		      bcs	.4
    788  25dd		       c8		      iny
    789  25de		       ad 89 f0    .4	      lda	R_eLane+4
    790  25e1		       c9 03		      cmp	#3
    791  25e3		       b0 01		      bcs	.5
    792  25e5		       c8		      iny
    793  25e6		       98	   .5	      tya
    794  25e7		       60		      rts
    795  25e8
    796  25e8							; Spawner (even frames): the wave's enemies arrive one by one at the right
    797  25e8							; edge of a shelf drawn from a shuffle bag (a boss wave starts with its
    798  25e8							; T-Rexes; wind-up mice come in packs of three); when all have come and gone,
    799  25e8							; the next wave starts
    800  25e8				   Spawner
    801  25e8					      SUBROUTINE
    802  25e8		       a5 9c		      lda	frame
    803  25ea		       4a		      lsr
    804  25eb		       b0 33		      bcs	.done
    805  25ed		       a5 b0		      lda	KILLED
    806  25ef		       d0 2f		      bne	.done	; a kill this frame: spawn on the next even one
    807  25f1		       20 03 f7 	      jsr	Pack
    808  25f4		       ad dd f0 	      lda	R_spawnLeft
    809  25f7		       d0 1c		      bne	.spawning
    810  25f9		       ad bc f0 	      lda	R_packLeft
    811  25fc		       d0 22		      bne	.done	; (a pack's mice still to come belong to this wave)
    812  25fe		       20 bc f5 	      jsr	CountAlive
    813  2601		       d0 1d		      bne	.done
    814  2603		       ad d0 f0 	      lda	R_wave
    815  2606		       18		      clc
    816  2607		       69 01		      adc	#1
    817  2609		       c9 64		      cmp	#100
    818  260b		       90 02		      bcc	.next
    819  260d		       a9 63		      lda	#99
    820  260f				   .next
    821  260f		       8d 50 f0 	      sta	W_wave
    822  2612		       4c 8c f2 	      jmp	StartWave
    823  2615				   .spawning
    824  2615		       ad de f0 	      lda	R_spawnTimer
    825  2618		       f0 07		      beq	.try
    826  261a		       38		      sec
    827  261b		       e9 01		      sbc	#1
    828  261d		       8d 5e f0 	      sta	W_spawnTimer
    829  2620				   .done
    830  2620		       60		      rts
    831  2621				   .try
    832  2621		       20 bc f5 	      jsr	CountAlive
    833  2624		       85 b1		      sta	lt0
    834  2626		       20 bf f2 	      jsr	WaveIndex
    835  2629		       a5 b1		      lda	lt0
    836  262b		       dd 10 fd 	      cmp	WaveMax,x
    837  262e		       b0 f0		      bcs	.done	; enough on the shelves already
    838  2630		       20 31 f7 	      jsr	FreeEnemy
    839  2633		       30 eb		      bmi	.done
    840  2635							; kind: a boss first, else start from a random kind and take the first the wave allows
    841  2635		       ad bb f0 	      lda	R_bossLeft
    842  2638		       f0 0b		      beq	.random
    843  263a		       38		      sec
    844  263b		       e9 01		      sbc	#1
    845  263d		       8d 3b f0 	      sta	W_bossLeft
    846  2640		       a9 08		      lda	#EN_TREX
    847  2642		       4c 7b f6 	      jmp	.kindOk
    848  2645				   .random
    849  2645		       ad df f0 	      lda	R_rand
    850  2648		       29 1f		      and	#31
    851  264a		       84 b2		      sty	lt1
    852  264c		       a8		      tay
    853  264d		       b9 43 fd 	      lda	Mod7,y
    854  2650		       a4 b2		      ldy	lt1
    855  2652		       85 b3		      sta	lt2	; 0-6
    856  2654		       a9 07		      lda	#7
    857  2656		       85 b4		      sta	lt3	; tries
    858  2658				   .kind
    859  2658		       86 b5		      stx	lt4
    860  265a		       a6 b3		      ldx	lt2
    861  265c		       bd db fc 	      lda	KindBit,x
    862  265f		       a6 b5		      ldx	lt4
    863  2661		       3d 1c fd 	      and	WaveKinds,x
    864  2664		       d0 10		      bne	.found
    865  2666		       e6 b3		      inc	lt2
    866  2668		       a5 b3		      lda	lt2
    867  266a		       c9 07		      cmp	#7
    868  266c		       90 04		      bcc	.kindNext
    869  266e		       a9 00		      lda	#0
    870  2670		       85 b3		      sta	lt2
    871  2672				   .kindNext
    872  2672		       c6 b4		      dec	lt3
    873  2674		       d0 e2		      bne	.kind
    874  2676				   .found
    875  2676		       a5 b3		      lda	lt2
    876  2678		       18		      clc
    877  2679		       69 01		      adc	#1	; type = 1-7
    878  267b				   .kindOk
    879  267b		       85 b6		      sta	lt5
    880  267d							; shelf: a shuffle bag of six, each shelf twice, so the shelves stay even
    881  267d							; (an 8-bit LFSR read on the spawn timer's beat leans to some shelves).
    882  267d							; The random pick is only where the search for one still in the bag starts:
    883  267d							; bits 5-6, which the kind (bits 0-4) doesn't use.
    884  267d		       ad df f0 	      lda	R_rand
    885  2680		       4a		      lsr
    886  2681		       4a		      lsr
    887  2682		       4a		      lsr
    888  2683		       4a		      lsr
    889  2684		       4a		      lsr
    890  2685		       29 03		      and	#3
    891  2687		       c9 03		      cmp	#3
    892  2689		       90 02		      bcc	.first
    893  268b		       a9 00		      lda	#0
    894  268d				   .first
    895  268d		       85 b1		      sta	lt0	; first choice
    896  268f				   .bag
    897  268f		       a6 b1		      ldx	lt0
    898  2691		       ad cc f0 	      lda	R_bag
    899  2694		       3d 3a fd 	      and	BagMask,x
    900  2697		       dd 3d fd 	      cmp	BagTwo,x
    901  269a		       90 0c		      bcc	.take	; drawn less than twice this bag
    902  269c		       e8		      inx
    903  269d		       e0 03		      cpx	#3
    904  269f		       90 02		      bcc	.nextShelf
    905  26a1		       a2 00		      ldx	#0
    906  26a3				   .nextShelf
    907  26a3		       86 b1		      stx	lt0
    908  26a5		       4c 8f f6 	      jmp	.bag
    909  26a8				   .take
    910  26a8		       ad cc f0 	      lda	R_bag
    911  26ab		       18		      clc
    912  26ac		       7d 40 fd 	      adc	BagOne,x
    913  26af		       c9 2a		      cmp	#$2A	; every shelf twice: a new bag
    914  26b1		       d0 02		      bne	.keep
    915  26b3		       a9 00		      lda	#0
    916  26b5				   .keep
    917  26b5		       8d 4c f0 	      sta	W_bag	; shelf: lt0
    918  26b8		       a5 b6		      lda	lt5
    919  26ba		       c9 04		      cmp	#EN_MOUSE
    920  26bc		       d0 0f		      bne	.one
    921  26be		       a9 02		      lda	#2	; a pack: two more follow on the same shelf
    922  26c0		       8d 3c f0 	      sta	W_packLeft
    923  26c3		       a9 06		      lda	#6
    924  26c5		       8d 3d f0 	      sta	W_packTimer
    925  26c8		       a5 b1		      lda	lt0
    926  26ca		       8d 3e f0 	      sta	W_packLane
    927  26cd				   .one
    928  26cd		       a5 b6		      lda	lt5
    929  26cf		       20 3c f7 	      jsr	Spawn
    930  26d2		       ad dd f0 	      lda	R_spawnLeft
    931  26d5		       38		      sec
    932  26d6		       e9 01		      sbc	#1
    933  26d8		       8d 5d f0 	      sta	W_spawnLeft
    934  26db		       20 bf f2 	      jsr	WaveIndex
    935  26de		       bd 04 fd 	      lda	WaveGap,x
    936  26e1		       24 b9		      bit	fast
    937  26e3		       50 1a		      bvc	.gap
    938  26e5		       4a		      lsr		; second lap (or difficulty A): three quarters of the gap
    939  26e6		       4a		      lsr
    940  26e7		       85 b1		      sta	lt0
    941  26e9		       a5 b9		      lda	fast
    942  26eb		       29 a0		      and	#$A0
    943  26ed		       c9 a0		      cmp	#$A0
    944  26ef		       d0 08		      bne	.quarter
    945  26f1		       a5 b1		      lda	lt0	; second lap on A: five eighths
    946  26f3		       4a		      lsr
    947  26f4		       18		      clc
    948  26f5		       65 b1		      adc	lt0
    949  26f7		       85 b1		      sta	lt0
    950  26f9				   .quarter
    951  26f9		       bd 04 fd 	      lda	WaveGap,x
    952  26fc		       38		      sec
    953  26fd		       e5 b1		      sbc	lt0
    954  26ff				   .gap
    955  26ff		       8d 5e f0 	      sta	W_spawnTimer
    956  2702		       60		      rts
    957  2703
    958  2703							; Pack: the rest of a wind-up mouse pack, every 12 frames
    959  2703				   Pack
    960  2703					      SUBROUTINE
    961  2703		       ad bc f0 	      lda	R_packLeft
    962  2706		       f0 28		      beq	.done
    963  2708		       ad bd f0 	      lda	R_packTimer
    964  270b		       38		      sec
    965  270c		       e9 01		      sbc	#1
    966  270e		       8d 3d f0 	      sta	W_packTimer
    967  2711		       d0 1d		      bne	.done
    968  2713		       a9 06		      lda	#6
    969  2715		       8d 3d f0 	      sta	W_packTimer
    970  2718		       20 31 f7 	      jsr	FreeEnemy
    971  271b		       30 13		      bmi	.done
    972  271d		       ad bc f0 	      lda	R_packLeft
    973  2720		       38		      sec
    974  2721		       e9 01		      sbc	#1
    975  2723		       8d 3c f0 	      sta	W_packLeft
    976  2726		       ad be f0 	      lda	R_packLane
    977  2729		       85 b1		      sta	lt0
    978  272b		       a9 04		      lda	#EN_MOUSE
    979  272d		       4c 3c f7 	      jmp	Spawn
    980  2730				   .done
    981  2730		       60		      rts
    982  2731
    983  2731				   FreeEnemy		; Y = a free enemy slot ($FF, N set, if none)
    984  2731					      SUBROUTINE
    985  2731		       a0 04		      ldy	#NENEMY-1
    986  2733				   .loop
    987  2733		       b9 8a f0 	      lda	R_eType,y
    988  2736		       f0 03		      beq	.found
    989  2738		       88		      dey
    990  2739		       10 f8		      bpl	.loop
    991  273b				   .found
    992  273b		       60		      rts
    993  273c
    994  273c							; Spawn: enemy kind A into slot Y on shelf lt0, at the right edge
    995  273c				   Spawn
    996  273c					      SUBROUTINE
    997  273c		       99 0a f0 	      sta	W_eType,y
    998  273f		       20 e4 f4 	      jsr	MaxHP
    999  2742		       99 0f f0 	      sta	W_eHP,y
   1000  2745		       4a		      lsr		; half its full health, kept in its state's low
   1001  2746		       c9 10		      cmp	#16	; bits for Damage's hurt marks (at most 15)
   1002  2748		       90 02		      bcc	.half
   1003  274a		       a9 0f		      lda	#15
   1004  274c				   .half
   1005  274c		       99 14 f0 	      sta	W_eState,y
   1006  274f		       a9 97		      lda	#151
   1007  2751		       99 00 f0 	      sta	W_eX,y
   1008  2754		       a5 b1		      lda	lt0
   1009  2756		       99 05 f0 	      sta	W_eLane,y
   1010  2759		       a2 04		      ldx	#NENEMY-1
   1011  275b				   .jets		; a flying jet hasn't hit the newcomer: clear
   1012  275b		       bd 8a f0 	      lda	R_eType,x	; its slot's bit in every jet's hit mask
   1013  275e		       c9 09		      cmp	#EN_JET
   1014  2760		       d0 0b		      bne	.notJet
   1015  2762		       b9 db fc 	      lda	KindBit,y
   1016  2765		       49 ff		      eor	#$FF
   1017  2767		       3d 8f f0 	      and	R_eHP,x
   1018  276a		       9d 0f f0 	      sta	W_eHP,x
   1019  276d				   .notJet
   1020  276d		       ca		      dex
   1021  276e		       10 eb		      bpl	.jets
   1022  2770		       98		      tya
   1023  2771		       aa		      tax
   1024  2772		       4c ca f8 	      jmp	EnemyRow
   1025  2775
   1026  2775							;-------------------------------------------------------------------------------
   1027  2775							; Enemies: half of them each frame (even slots on even frames, odd slots on
   1028  2775							; odd frames), so each moves in steps of two frames. Each walks left at its
   1029  2775							; kind's pace; a toy in its way stops it and gets chewed, except: the
   1030  2775							; helicopter hops over the first toy, the pogo frog jumps to the next shelf
   1031  2775							; once, the balloon clown floats over every toy, the T-Rex crushes a toy in
   1032  2775							; one bite. A jack-in-the-box springs on whatever reaches it; reaching the
   1033  2775							; toy box is a breach.
   1034  2775				   Enemies
   1035  2775					      SUBROUTINE
   1036  2775		       a5 9c		      lda	frame
   1037  2777		       29 01		      and	#1
   1038  2779		       aa		      tax
   1039  277a				   .loop
   1040  277a		       bd 8a f0 	      lda	R_eType,x
   1041  277d		       f0 16		      beq	.next
   1042  277f		       c9 09		      cmp	#EN_JET
   1043  2781		       f0 0f		      beq	.jet
   1044  2783		       20 9c f7 	      jsr	EnemyAct	; (it updates the rows when the enemy moves)
   1045  2786		       b5 9e		      lda	eTop,x
   1046  2788		       c9 ff		      cmp	#$FF
   1047  278a		       d0 09		      bne	.next
   1048  278c		       20 ca f8 	      jsr	EnemyRow	; (rows never worked out: a living enemy's
   1049  278f		       4c 95 f7 	      jmp	.next	; eTop is never $FF otherwise)
   1050  2792				   .jet
   1051  2792		       20 8e fb 	      jsr	JetAct
   1052  2795				   .next
   1053  2795		       e8		      inx
   1054  2796		       e8		      inx
   1055  2797		       e0 05		      cpx	#NENEMY
   1056  2799		       90 df		      bcc	.loop
   1057  279b		       60		      rts
   1058  279c
   1059  279c				   EnemyAct		; enemy X (kept)
   1060  279c					      SUBROUTINE
   1061  279c		       85 b6		      sta	lt5	; kind
   1062  279e		       a5 b6		      lda	lt5
   1063  27a0		       c9 06		      cmp	#EN_BALLOON
   1064  27a2		       f0 2f		      beq	.walk	; floats over every toy
   1065  27a4		       bd 80 f0 	      lda	R_eX,x
   1066  27a7		       c9 79		      cmp	#121
   1067  27a9		       b0 28		      bcs	.walk	; right of every toy
   1068  27ab		       38		      sec		; the toys stand at x 48, 80, 112 (ColX): a
   1069  27ac		       e9 30		      sbc	#48	; toy blocks an enemy at its x to x + 8
   1070  27ae		       90 23		      bcc	.walk	; left of every toy
   1071  27b0		       a8		      tay
   1072  27b1		       29 1f		      and	#31
   1073  27b3		       c9 09		      cmp	#9
   1074  27b5		       b0 1c		      bcs	.walk	; between two columns
   1075  27b7		       98		      tya
   1076  27b8		       4a		      lsr
   1077  27b9		       4a		      lsr
   1078  27ba		       4a		      lsr
   1079  27bb		       4a		      lsr
   1080  27bc		       4a		      lsr
   1081  27bd		       85 b3		      sta	lt2	; column
   1082  27bf		       bc 85 f0 	      ldy	R_eLane,x
   1083  27c2		       18		      clc
   1084  27c3		       79 34 fd 	      adc	Lane3,y
   1085  27c6		       85 b2		      sta	lt1	; slot
   1086  27c8		       a8		      tay
   1087  27c9		       b9 99 f0 	      lda	R_slotType,y
   1088  27cc		       f0 05		      beq	.walk	; (empty)
   1089  27ce		       a4 b3		      ldy	lt2
   1090  27d0		       4c 1f f8 	      jmp	.blocked
   1091  27d3				   .walk
   1092  27d3		       bd 94 f0 	      lda	R_eState,x	; walking: not chewing
   1093  27d6		       29 7f		      and	#$7F
   1094  27d8		       9d 14 f0 	      sta	W_eState,x
   1095  27db							; pace: move on updates where (frame/2) & mask = 0, by step pixels
   1096  27db		       a4 b6		      ldy	lt5
   1097  27dd		       24 b9		      bit	fast
   1098  27df		       10 05		      bpl	.lap1
   1099  27e1		       98		      tya		; second lap: the fast table
   1100  27e2		       18		      clc
   1101  27e3		       69 09		      adc	#NKINDS
   1102  27e5		       a8		      tay
   1103  27e6				   .lap1
   1104  27e6		       a5 b6		      lda	lt5
   1105  27e8		       c9 05		      cmp	#EN_KNIGHT
   1106  27ea		       d0 0c		      bne	.pace
   1107  27ec		       bd 94 f0 	      lda	R_eState,x
   1108  27ef		       29 40		      and	#$40
   1109  27f1		       f0 05		      beq	.pace
   1110  27f3		       98		      tya		; a knight without its shield charges
   1111  27f4		       18		      clc
   1112  27f5		       69 12		      adc	#2*NKINDS
   1113  27f7		       a8		      tay
   1114  27f8				   .pace
   1115  27f8		       a5 9c		      lda	frame
   1116  27fa		       4a		      lsr
   1117  27fb		       39 93 fc 	      and	EnMask,y
   1118  27fe		       d0 1e		      bne	.done
   1119  2800		       bd 80 f0 	      lda	R_eX,x
   1120  2803		       38		      sec
   1121  2804		       f9 b7 fc 	      sbc	EnStep,y
   1122  2807		       c9 29		      cmp	#BREACH_X
   1123  2809		       90 06		      bcc	.reach
   1124  280b		       9d 00 f0 	      sta	W_eX,x
   1125  280e		       4c ca f8 	      jmp	EnemyRow
   1126  2811				   .reach
   1127  2811		       a4 b0		      ldy	KILLED
   1128  2813		       d0 09		      bne	.done	; an enemy died this frame: the box next update
   1129  2815		       9d 00 f0 	      sta	W_eX,x
   1130  2818				   .breach
   1131  2818		       20 ca f8 	      jsr	EnemyRow	; (the game may end with it in view)
   1132  281b		       4c f3 f8 	      jmp	Breach
   1133  281e				   .done
   1134  281e		       60		      rts
   1135  281f				   .blocked
   1136  281f		       a4 b2		      ldy	lt1
   1137  2821		       b9 99 f0 	      lda	R_slotType,y
   1138  2824		       c9 04		      cmp	#TOY_JACK
   1139  2826		       d0 09		      bne	.notJack
   1140  2828		       ad cb f0 	      lda	R_splashN
   1141  282b		       d0 03		      bne	.waitJack	; a burst is still being swept: wait for it
   1142  282d		       4c ac f8 	      jmp	JackSpring
   1143  2830				   .waitJack
   1144  2830		       60		      rts
   1145  2831				   .notJack
   1146  2831		       a4 b3		      ldy	lt2
   1147  2833		       a5 b6		      lda	lt5
   1148  2835		       c9 02		      cmp	#EN_HELI
   1149  2837		       f0 1f		      beq	.hop
   1150  2839		       c9 07		      cmp	#EN_POGO
   1151  283b		       d0 3c		      bne	.chew
   1152  283d							; pogo frog: once, jump to the next shelf
   1153  283d		       bd 94 f0 	      lda	R_eState,x
   1154  2840		       29 40		      and	#$40
   1155  2842		       d0 35		      bne	.chew
   1156  2844		       bd 94 f0 	      lda	R_eState,x
   1157  2847		       09 40		      ora	#$40
   1158  2849		       9d 14 f0 	      sta	W_eState,x
   1159  284c		       bc 85 f0 	      ldy	R_eLane,x
   1160  284f		       b9 e2 fc 	      lda	NextLane,y
   1161  2852		       9d 05 f0 	      sta	W_eLane,x
   1162  2855		       4c ca f8 	      jmp	EnemyRow
   1163  2858				   .hop
   1164  2858		       bd 94 f0 	      lda	R_eState,x
   1165  285b		       29 40		      and	#$40
   1166  285d		       d0 1a		      bne	.chew
   1167  285f		       bd 94 f0 	      lda	R_eState,x	; helicopter: hop over the toy, once
   1168  2862		       09 40		      ora	#$40
   1169  2864		       9d 14 f0 	      sta	W_eState,x
   1170  2867		       a4 b3		      ldy	lt2
   1171  2869		       b9 8e fd 	      lda	ColX,y
   1172  286c		       38		      sec
   1173  286d		       e9 09		      sbc	#9
   1174  286f		       9d 00 f0 	      sta	W_eX,x
   1175  2872		       c9 29		      cmp	#BREACH_X
   1176  2874		       90 a2		      bcc	.breach
   1177  2876		       4c ca f8 	      jmp	EnemyRow
   1178  2879				   .chew
   1179  2879		       bd 94 f0 	      lda	R_eState,x
   1180  287c		       09 80		      ora	#$80
   1181  287e		       9d 14 f0 	      sta	W_eState,x
   1182  2881		       86 b1		      stx	lt0
   1183  2883		       a5 9c		      lda	frame
   1184  2885		       4a		      lsr
   1185  2886		       18		      clc
   1186  2887		       65 b1		      adc	lt0	; (staggered by slot: bites don't pile up
   1187  2889		       29 07		      and	#7	; on one frame) one bite every 16 frames
   1188  288b		       d0 91		      bne	.done
      0  288d					      SOUND	SND_CHEW
      1  288d		       a9 0d		      lda	#SND_CHEW
      2  288f		       20 02 fc 	      jsr	SndPlay
   1190  2892		       a4 b2		      ldy	lt1
   1191  2894		       a5 b6		      lda	lt5
   1192  2896		       c9 08		      cmp	#EN_TREX
   1193  2898		       f0 0c		      beq	.crush
   1194  289a		       b9 a2 f0 	      lda	R_slotHP,y
   1195  289d		       38		      sec
   1196  289e		       e9 01		      sbc	#1
   1197  28a0		       99 22 f0 	      sta	W_slotHP,y
   1198  28a3		       f0 01		      beq	.crush
   1199  28a5		       60		      rts
   1200  28a6				   .crush
   1201  28a6		       a9 00		      lda	#0
   1202  28a8		       99 19 f0 	      sta	W_slotType,y
   1203  28ab		       60		      rts
   1204  28ac
   1205  28ac							; JackSpring (X = the enemy that reached it, lt1 = its slot): the
   1206  28ac							; jack-in-the-box springs, hitting every enemy within JACK_REACH of that one
   1207  28ac							; (the burst sweep: one a frame), and is gone
   1208  28ac				   JackSpring
   1209  28ac					      SUBROUTINE
   1210  28ac		       bd 80 f0 	      lda	R_eX,x
   1211  28af		       8d 49 f0 	      sta	W_splashX	; (centred on the enemy that sprang it)
   1212  28b2		       bd 85 f0 	      lda	R_eLane,x
   1213  28b5		       8d 4a f0 	      sta	W_splashL
   1214  28b8		       a9 75		      lda	#$70|NENEMY	; (monster hit 7: a jack's burst)
   1215  28ba		       8d 4b f0 	      sta	W_splashN
   1216  28bd		       a4 b2		      ldy	lt1
   1217  28bf		       a9 00		      lda	#0
   1218  28c1		       99 19 f0 	      sta	W_slotType,y
      0  28c4					      SOUND	SND_SPRING
      1  28c4		       a9 0a		      lda	#SND_SPRING
      2  28c6		       20 02 fc 	      jsr	SndPlay
   1220  28c9		       60		      rts
   1221  28ca
   1222  28ca							; EnemyRow (X = enemy, kept): its feet row and event row for the kernel's
   1223  28ca							; scheduler (SelectEnemies, VBLANK), $FF when there is none. Kept up to date
   1224  28ca							; wherever an enemy moves, changes shelf, arrives or goes.
   1225  28ca				   EnemyRow
   1226  28ca					      SUBROUTINE
   1227  28ca		       bd 8a f0 	      lda	R_eType,x
   1228  28cd		       f0 1f		      beq	.none
   1229  28cf		       bc 80 f0 	      ldy	R_eX,x
   1230  28d2		       b9 af fd 	      lda	FeetX2,y
   1231  28d5		       bc 85 f0 	      ldy	R_eLane,x
   1232  28d8		       18		      clc
   1233  28d9		       79 9f fe 	      adc	LaneBase2,y
   1234  28dc		       95 a3		      sta	eFeet,x
   1235  28de		       38		      sec
   1236  28df		       e9 0b		      sbc	#11	; top - 1: the latest row for its event
   1237  28e1		       a8		      tay
   1238  28e2				   .findE
   1239  28e2		       b9 4f fe 	      lda	RowBad2,y
   1240  28e5		       f0 03		      beq	.gotE
   1241  28e7		       88		      dey
   1242  28e8		       d0 f8		      bne	.findE
   1243  28ea				   .gotE
   1244  28ea		       98		      tya
   1245  28eb		       95 9e		      sta	eTop,x	; eTop = the event row (0: none usable)
   1246  28ed		       60		      rts
   1247  28ee				   .none
   1248  28ee		       a9 ff		      lda	#$FF
   1249  28f0		       95 9e		      sta	eTop,x
   1250  28f2		       60		      rts
   1251  28f3
   1252  28f3							; Breach (X = enemy at the box): the shelf's lid slams and clears it, once;
   1253  28f3							; the second breach on a shelf ends the game
   1254  28f3				   Breach
   1255  28f3					      SUBROUTINE
   1256  28f3		       a9 01		      lda	#1
   1257  28f5		       85 b0		      sta	KILLED	; (the spawner waits a frame)
   1258  28f7		       bc 85 f0 	      ldy	R_eLane,x
   1259  28fa		       b9 37 fd 	      lda	Bit,y
   1260  28fd		       2d da f0 	      and	R_lids
   1261  2900		       d0 34		      bne	.over
   1262  2902		       b9 37 fd 	      lda	Bit,y
   1263  2905		       0d da f0 	      ora	R_lids
   1264  2908		       8d 5a f0 	      sta	W_lids
   1265  290b		       84 b1		      sty	lt0
   1266  290d		       a0 04		      ldy	#NENEMY-1
   1267  290f				   .clear
   1268  290f		       b9 8a f0 	      lda	R_eType,y
   1269  2912		       f0 14		      beq	.next
   1270  2914		       b9 85 f0 	      lda	R_eLane,y
   1271  2917		       c5 b1		      cmp	lt0
   1272  2919		       d0 0d		      bne	.next
   1273  291b		       a9 00		      lda	#0
   1274  291d		       99 0a f0 	      sta	W_eType,y
   1275  2920		       a9 ff		      lda	#$FF
   1276  2922		       99 9e 00 	      sta	eTop,y
   1277  2925		       99 05 f0 	      sta	W_eLane,y
   1278  2928				   .next
   1279  2928		       88		      dey
   1280  2929		       10 e4		      bpl	.clear
   1281  292b		       a9 28		      lda	#40
   1282  292d		       8d 60 f0 	      sta	W_flash
      0  2930					      SOUND	SND_SLAM
      1  2930		       a9 0e		      lda	#SND_SLAM
      2  2932		       20 02 fc 	      jsr	SndPlay
   1284  2935		       60		      rts
   1285  2936				   .over
      0  2936					      SOUND	SND_OVER
      1  2936		       a9 06		      lda	#SND_OVER
      2  2938		       20 02 fc 	      jsr	SndPlay
   1287  293b		       a9 02		      lda	#ST_OVER
   1288  293d		       8d 5b f0 	      sta	W_state
   1289  2940		       a9 78		      lda	#120
   1290  2942		       8d 5c f0 	      sta	W_overTimer
   1291  2945		       60		      rts
   1292  2946
   1293  2946							;-------------------------------------------------------------------------------
   1294  2946							; Toys (odd frames, one shelf at a time, so each toy acts every sixth
   1295  2946							; frame): when ready, army men, tanks and cannons fire along their shelf (one
   1296  2946							; shot in flight per shelf) at an enemy ahead; teddies and jack-in-the-boxes
   1297  2946							; just stand
   1298  2946				   Toys
   1299  2946					      SUBROUTINE
   1300  2946		       ad b4 f0 	      lda	R_toyShelf
   1301  2949		       18		      clc
   1302  294a		       69 01		      adc	#1
   1303  294c		       c9 03		      cmp	#3
   1304  294e		       90 02		      bcc	.shelf
   1305  2950		       a9 00		      lda	#0
   1306  2952				   .shelf
   1307  2952		       8d 34 f0 	      sta	W_toyShelf
   1308  2955		       a8		      tay
   1309  2956		       b9 34 fd 	      lda	Lane3,y
   1310  2959		       85 b5		      sta	lt4	; first slot of the shelf
   1311  295b		       18		      clc
   1312  295c		       69 02		      adc	#2
   1313  295e		       aa		      tax
   1314  295f				   .loop
   1315  295f		       20 6a f9 	      jsr	ToyAct
   1316  2962		       ca		      dex
   1317  2963		       30 04		      bmi	.done
   1318  2965		       e4 b5		      cpx	lt4
   1319  2967		       b0 f6		      bcs	.loop
   1320  2969				   .done
   1321  2969		       60		      rts
   1322  296a
   1323  296a				   ToyAct		; slot X (kept)
   1324  296a					      SUBROUTINE
   1325  296a		       bd 99 f0 	      lda	R_slotType,x
   1326  296d		       d0 01		      bne	.some
   1327  296f		       60		      rts
   1328  2970				   .some
   1329  2970		       c9 02		      cmp	#TOY_TEDDY
   1330  2972		       f0 04		      beq	.stands
   1331  2974		       c9 04		      cmp	#TOY_JACK
   1332  2976		       d0 01		      bne	.acts
   1333  2978				   .stands
   1334  2978		       60		      rts
   1335  2979				   .acts
   1336  2979		       85 b6		      sta	lt5
   1337  297b		       bd ab f0 	      lda	R_slotCool,x
   1338  297e		       f0 09		      beq	.ready
   1339  2980		       38		      sec
   1340  2981		       e9 01		      sbc	#1
   1341  2983		       9d 2b f0 	      sta	W_slotCool,x
   1342  2986		       4c ca f9 	      jmp	.next
   1343  2989				   .ready
   1344  2989		       bc 85 fd 	      ldy	SlotCol,x
   1345  298c		       b9 8e fd 	      lda	ColX,y
   1346  298f		       85 b1		      sta	lt0
   1347  2991		       bd 7c fd 	      lda	SlotLane,x
   1348  2994		       85 b2		      sta	lt1
   1349  2996		       20 cb f9 	      jsr	FindAhead
   1350  2999		       30 2f		      bmi	.next
   1351  299b		       a4 b2		      ldy	lt1
   1352  299d		       b9 c3 f0 	      lda	R_shotDmg,y
   1353  29a0		       d0 28		      bne	.next
   1354  29a2		       a4 b6		      ldy	lt5
   1355  29a4		       b9 71 fc 	      lda	ToyDmg,y
   1356  29a7		       a4 b2		      ldy	lt1
   1357  29a9		       99 43 f0 	      sta	W_shotDmg,y
   1358  29ac		       a4 b6		      ldy	lt5
   1359  29ae		       b9 e5 fc 	      lda	ToyShot,y
   1360  29b1		       a4 b2		      ldy	lt1
   1361  29b3		       99 46 f0 	      sta	W_shotKind,y
   1362  29b6		       bd 91 fd 	      lda	ShotStart,x
   1363  29b9		       99 99 00 	      sta	shotPtr,y
   1364  29bc		       a4 b6		      ldy	lt5
   1365  29be		       b9 6a fc 	      lda	ToyPeriod,y
   1366  29c1		       9d 2b f0 	      sta	W_slotCool,x
   1367  29c4		       b9 55 fc 	      lda	ToySound,y
   1368  29c7		       20 02 fc 	      jsr	SndPlay
   1369  29ca				   .next
   1370  29ca		       60		      rts
   1371  29cb
   1372  29cb							; FindAhead: Y = the nearest enemy on shelf lt1 right of x lt0 ($FF, N set,
   1373  29cb							; if none)
   1374  29cb				   FindAhead
   1375  29cb					      SUBROUTINE
   1376  29cb		       a9 ff		      lda	#$FF
   1377  29cd		       85 b3		      sta	lt2
   1378  29cf		       85 b4		      sta	lt3
   1379  29d1		       a0 04		      ldy	#NENEMY-1
   1380  29d3				   .loop
   1381  29d3		       b9 85 f0 	      lda	R_eLane,y	; (an empty slot's shelf is $FF)
   1382  29d6		       c5 b2		      cmp	lt1
   1383  29d8		       d0 11		      bne	.next
   1384  29da		       b9 80 f0 	      lda	R_eX,y
   1385  29dd		       c5 b1		      cmp	lt0
   1386  29df		       90 0a		      bcc	.next
   1387  29e1		       f0 08		      beq	.next
   1388  29e3		       c5 b3		      cmp	lt2
   1389  29e5		       b0 04		      bcs	.next
   1390  29e7		       85 b3		      sta	lt2
   1391  29e9		       84 b4		      sty	lt3
   1392  29eb				   .next
   1393  29eb		       88		      dey
   1394  29ec		       10 e5		      bpl	.loop
   1395  29ee		       a4 b4		      ldy	lt3
   1396  29f0		       60		      rts
   1397  29f1
   1398  29f1							;-------------------------------------------------------------------------------
   1399  29f1							; Shots (even frames): each checks for a hit where it is, then moves one step
   1400  29f1							; (six pixels) right along its shelf's diagonal; past x 149 it is gone
   1401  29f1				   Shots
   1402  29f1					      SUBROUTINE
   1403  29f1		       a2 02		      ldx	#2
   1404  29f3				   .loop
   1405  29f3		       bd c3 f0 	      lda	R_shotDmg,x
   1406  29f6		       f0 2b		      beq	.next
   1407  29f8		       b5 99		      lda	shotPtr,x
   1408  29fa		       38		      sec
   1409  29fb		       fd 9a fd 	      sbc	LaneR0,x
   1410  29fe		       a8		      tay
   1411  29ff		       b9 9d fd 	      lda	ShotX,y
   1412  2a02		       85 b1		      sta	lt0	; the shot's x
   1413  2a04		       86 b2		      stx	lt1
   1414  2a06		       20 27 fa 	      jsr	ShotHit
   1415  2a09		       b0 18		      bcs	.next
   1416  2a0b		       b5 99		      lda	shotPtr,x
   1417  2a0d		       38		      sec
   1418  2a0e		       e9 01		      sbc	#1
   1419  2a10		       dd 9a fd 	      cmp	LaneR0,x
   1420  2a13		       90 05		      bcc	.gone
   1421  2a15		       95 99		      sta	shotPtr,x
   1422  2a17		       4c 23 fa 	      jmp	.next
   1423  2a1a				   .gone
   1424  2a1a		       a9 50		      lda	#80
   1425  2a1c		       95 99		      sta	shotPtr,x
   1426  2a1e		       a9 00		      lda	#0
   1427  2a20		       9d 43 f0 	      sta	W_shotDmg,x
   1428  2a23				   .next
   1429  2a23		       ca		      dex
   1430  2a24		       10 cd		      bpl	.loop
   1431  2a26		       60		      rts
   1432  2a27
   1433  2a27							; ShotHit (X = shelf, lt0 = shot x): carry set if it hit an enemy
   1434  2a27				   ShotHit
   1435  2a27					      SUBROUTINE
   1436  2a27		       a5 b1		      lda	lt0
   1437  2a29		       18		      clc
   1438  2a2a		       69 03		      adc	#3
   1439  2a2c		       85 b4		      sta	lt3	; the shot's right end
   1440  2a2e		       a0 04		      ldy	#NENEMY-1
   1441  2a30				   .loop
   1442  2a30		       b9 85 f0 	      lda	R_eLane,y	; (an empty slot's shelf is $FF)
   1443  2a33		       c5 b2		      cmp	lt1
   1444  2a35		       d0 67		      bne	.next
   1445  2a37		       a5 b4		      lda	lt3
   1446  2a39		       d9 80 f0 	      cmp	R_eX,y
   1447  2a3c		       90 60		      bcc	.next	; shot ends left of the enemy
   1448  2a3e		       b9 80 f0 	      lda	R_eX,y
   1449  2a41		       18		      clc
   1450  2a42		       69 07		      adc	#7
   1451  2a44		       c5 b1		      cmp	lt0
   1452  2a46		       90 56		      bcc	.next	; enemy ends left of the shot
   1453  2a48		       bd c6 f0 	      lda	R_shotKind,x
   1454  2a4b		       c9 02		      cmp	#SHOT_TANK
   1455  2a4d		       d0 09		      bne	.notShell
   1456  2a4f		       b9 8a f0 	      lda	R_eType,y
   1457  2a52		       c9 06		      cmp	#EN_BALLOON
   1458  2a54		       f0 48		      beq	.next	; tank shells can't hit the balloon clown
   1459  2a56		       d0 10		      bne	.hit
   1460  2a58				   .notShell
   1461  2a58		       c9 01		      cmp	#SHOT_ARMY
   1462  2a5a		       d0 0c		      bne	.hit
   1463  2a5c		       b9 8a f0 	      lda	R_eType,y
   1464  2a5f		       c9 03		      cmp	#EN_CRAWL
   1465  2a61		       d0 05		      bne	.hit
   1466  2a63		       b9 94 f0 	      lda	R_eState,y
   1467  2a66		       30 36		      bmi	.next	; bullets pass over a crawler that is chewing
   1468  2a68				   .hit
   1469  2a68		       bd c6 f0 	      lda	R_shotKind,x
   1470  2a6b		       c9 03		      cmp	#SHOT_CANNON
   1471  2a6d		       d0 18		      bne	.direct
   1472  2a6f		       ad cb f0 	      lda	R_splashN
   1473  2a72		       d0 13		      bne	.direct	; (one burst at a time)
   1474  2a74		       b9 80 f0 	      lda	R_eX,y
   1475  2a77		       8d 49 f0 	      sta	W_splashX
   1476  2a7a		       8e 4a f0 	      stx	W_splashL
   1477  2a7d		       98		      tya
   1478  2a7e		       0a		      asl
   1479  2a7f		       0a		      asl
   1480  2a80		       0a		      asl
   1481  2a81		       0a		      asl
   1482  2a82		       09 05		      ora	#NENEMY
   1483  2a84		       8d 4b f0 	      sta	W_splashN
   1484  2a87				   .direct
   1485  2a87		       bd c3 f0 	      lda	R_shotDmg,x
   1486  2a8a		       84 b3		      sty	lt2
   1487  2a8c		       a6 b3		      ldx	lt2
   1488  2a8e		       20 0f f5 	      jsr	Damage
   1489  2a91		       a6 b2		      ldx	lt1
   1490  2a93		       a9 50		      lda	#80
   1491  2a95		       95 99		      sta	shotPtr,x
   1492  2a97		       a9 00		      lda	#0
   1493  2a99		       9d 43 f0 	      sta	W_shotDmg,x
   1494  2a9c		       38		      sec
   1495  2a9d		       60		      rts
   1496  2a9e				   .next
   1497  2a9e		       88		      dey
   1498  2a9f		       10 8f		      bpl	.loop
   1499  2aa1		       18		      clc
   1500  2aa2		       60		      rts
   1501  2aa3
   1502  2aa3
   1503  2aa3							; Splash (odd frames): a cannonball's burst also hits every other monster on
   1504  2aa3							; its shelf within SPLASH pixels of the one it hit; a jet's burst (bit 7 of
   1505  2aa3							; splashN; no monster hit first) hits every monster on its shelf. One monster
   1506  2aa3							; is checked a frame (five frames a burst), which keeps the frame time bounded
   1507  2aa3				   Splash
   1508  2aa3					      SUBROUTINE
   1509  2aa3		       ad cb f0 	      lda	R_splashN
   1510  2aa6		       f0 74		      beq	.done
   1511  2aa8		       85 b1		      sta	lt0
   1512  2aaa		       29 0f		      and	#$0F
   1513  2aac		       aa		      tax
   1514  2aad		       ca		      dex		; X = the monster to check
   1515  2aae		       d0 04		      bne	.more
   1516  2ab0		       a9 00		      lda	#0	; the last one: the burst is over
   1517  2ab2		       f0 05		      beq	.store
   1518  2ab4				   .more
   1519  2ab4		       a5 b1		      lda	lt0
   1520  2ab6		       38		      sec
   1521  2ab7		       e9 01		      sbc	#1
   1522  2ab9				   .store
   1523  2ab9		       8d 4b f0 	      sta	W_splashN
   1524  2abc		       a5 b1		      lda	lt0
   1525  2abe		       4a		      lsr
   1526  2abf		       4a		      lsr
   1527  2ac0		       4a		      lsr
   1528  2ac1		       4a		      lsr
   1529  2ac2		       85 b1		      sta	lt0	; the monster hit (8-15: a jet's burst)
   1530  2ac4		       e4 b1		      cpx	lt0
   1531  2ac6		       f0 54		      beq	.done	; (it took its hit already)
   1532  2ac8		       bd 8a f0 	      lda	R_eType,x
   1533  2acb		       f0 4f		      beq	.done
   1534  2acd		       bd 85 f0 	      lda	R_eLane,x
   1535  2ad0		       cd ca f0 	      cmp	R_splashL
   1536  2ad3		       d0 47		      bne	.done	; (a flying jet's shelf is 4-6)
   1537  2ad5		       a5 b1		      lda	lt0
   1538  2ad7		       29 08		      and	#8
   1539  2ad9		       d0 3c		      bne	.jet
   1540  2adb		       bd 80 f0 	      lda	R_eX,x
   1541  2ade		       38		      sec
   1542  2adf		       ed c9 f0 	      sbc	R_splashX
   1543  2ae2		       b0 04		      bcs	.right
   1544  2ae4		       49 ff		      eor	#$FF	; (carry clear: + 1 makes it positive)
   1545  2ae6		       69 01		      adc	#1
   1546  2ae8				   .right
   1547  2ae8		       a4 b1		      ldy	lt0
   1548  2aea		       c0 07		      cpy	#7
   1549  2aec		       f0 09		      beq	.jack
   1550  2aee		       c9 0d		      cmp	#SPLASH+1
   1551  2af0		       b0 2a		      bcs	.done
   1552  2af2		       a9 03		      lda	#CANNON_DMG
   1553  2af4		       4c 0f f5 	      jmp	Damage
   1554  2af7				   .jack
   1555  2af7		       c9 09		      cmp	#JACK_REACH+1
   1556  2af9		       b0 21		      bcs	.done
   1557  2afb		       a9 14		      lda	#JACK_DMG
   1558  2afd		       20 0f f5 	      jsr	Damage
   1559  2b00		       bd 8a f0 	      lda	R_eType,x
   1560  2b03		       f0 17		      beq	.done	; (that was the end of it)
   1561  2b05		       bd 80 f0 	      lda	R_eX,x	; the spring throws it back up the shelf
   1562  2b08		       18		      clc
   1563  2b09		       69 10		      adc	#JACK_THROW
   1564  2b0b		       c9 98		      cmp	#152
   1565  2b0d		       90 02		      bcc	.thrown
   1566  2b0f		       a9 97		      lda	#151
   1567  2b11				   .thrown
   1568  2b11		       9d 00 f0 	      sta	W_eX,x
   1569  2b14		       4c ca f8 	      jmp	EnemyRow
   1570  2b17				   .jet
   1571  2b17		       a9 0a		      lda	#JET_DMG
   1572  2b19		       4c 0f f5 	      jmp	Damage
   1573  2b1c				   .done
   1574  2b1c		       60		      rts
   1575  2b1d
   1576  2b1d							;-------------------------------------------------------------------------------
   1577  2b1d				   Flash		; shelves flash white after a lid slam or air strike
   1578  2b1d					      SUBROUTINE
   1579  2b1d		       ad e0 f0 	      lda	R_flash
   1580  2b20		       f0 0f		      beq	.gold
   1581  2b22		       38		      sec
   1582  2b23		       e9 01		      sbc	#1
   1583  2b25		       8d 60 f0 	      sta	W_flash
   1584  2b28		       29 04		      and	#4
   1585  2b2a		       f0 05		      beq	.gold
   1586  2b2c		       a9 0e		      lda	#COL_WHITE
   1587  2b2e		       85 9d		      sta	pfColor
   1588  2b30		       60		      rts
   1589  2b31				   .gold
   1590  2b31		       a9 f8		      lda	#COL_GOLD
   1591  2b33		       85 9d		      sta	pfColor
   1592  2b35		       60		      rts
   1593  2b36
   1594  2b36							; SlotPointers: the kernel's defender pointers, one shelf per frame plus the
   1595  2b36							; cursor's slot. The cursor's slot shows the chosen toy as a blinking ghost
   1596  2b36							; when empty, or blinks its toy.
   1597  2b36				   SlotPointers
   1598  2b36					      SUBROUTINE
   1599  2b36		       ae d3 f0 	      ldx	R_cursor
   1600  2b39		       20 4b fb 	      jsr	SlotPointer
   1601  2b3c		       ae b4 f0 	      ldx	R_toyShelf	; (the shelf the toys just took their turn on)
   1602  2b3f		       bd 34 fd 	      lda	Lane3,x
   1603  2b42		       aa		      tax
   1604  2b43		       20 4b fb 	      jsr	SlotPointer
   1605  2b46		       e8		      inx
   1606  2b47		       20 4b fb 	      jsr	SlotPointer
   1607  2b4a		       e8		      inx
   1608  2b4b				   SlotPointer		; slot X
   1609  2b4b					      SUBROUTINE
   1610  2b4b		       bd 99 f0 	      lda	R_slotType,x
   1611  2b4e		       85 b1		      sta	lt0
   1612  2b50		       ec d3 f0 	      cpx	R_cursor
   1613  2b53		       d0 23		      bne	.show
   1614  2b55		       ad db f0 	      lda	R_state
   1615  2b58		       c9 01		      cmp	#ST_PLAY
   1616  2b5a		       d0 1c		      bne	.show
   1617  2b5c		       a5 b1		      lda	lt0
   1618  2b5e		       d0 0e		      bne	.occupied
   1619  2b60		       a5 9c		      lda	frame
   1620  2b62		       29 10		      and	#16
   1621  2b64		       f0 12		      beq	.show
   1622  2b66		       ad d4 f0 	      lda	R_toy
   1623  2b69		       85 b1		      sta	lt0
   1624  2b6b		       4c 78 fb 	      jmp	.show
   1625  2b6e				   .occupied
   1626  2b6e		       a5 9c		      lda	frame
   1627  2b70		       29 18		      and	#24
   1628  2b72		       d0 04		      bne	.show
   1629  2b74		       a9 00		      lda	#0
   1630  2b76		       85 b1		      sta	lt0
   1631  2b78				   .show
   1632  2b78		       a4 b1		      ldy	lt0
   1633  2b7a		       f0 0c		      beq	.empty
   1634  2b7c		       b9 63 fd 	      lda	ToyLo,y
   1635  2b7f		       18		      clc
   1636  2b80		       7d 6a fd 	      adc	SlotOfs,x
   1637  2b83		       95 90		      sta	slotPtr,x
   1638  2b85		       4c 8d fb 	      jmp	.next
   1639  2b88				   .empty
   1640  2b88		       bd 73 fd 	      lda	EmptyLo,x
   1641  2b8b		       95 90		      sta	slotPtr,x
   1642  2b8d				   .next
   1643  2b8d		       60		      rts
   1644  2b8e
   1645  2b8e							;-------------------------------------------------------------------------------
   1646  2b8e							; JetAct (X = a launched jet): four pixels right per update; every enemy on
   1647  2b8e							; its shelf takes 10 damage once the nose has passed its middle. The jet's
   1648  2b8e							; health byte (unused for a jet) marks the enemy slots it has hit, so each is
   1649  2b8e							; hit exactly once; at most two an update (the rest the next one), so a pack
   1650  2b8e							; bunched together never dies all in one frame.
   1651  2b8e				   JetAct
   1652  2b8e					      SUBROUTINE
   1653  2b8e		       86 b4		      stx	lt3
   1654  2b90		       bd 80 f0 	      lda	R_eX,x
   1655  2b93		       18		      clc
   1656  2b94		       69 0c		      adc	#12
   1657  2b96		       85 b1		      sta	lt0	; the nose after this step
   1658  2b98		       bd 85 f0 	      lda	R_eLane,x
   1659  2b9b		       29 03		      and	#3
   1660  2b9d		       85 b2		      sta	lt1
   1661  2b9f		       a9 02		      lda	#2
   1662  2ba1		       a4 b0		      ldy	KILLED
   1663  2ba3		       f0 02		      beq	.hits
   1664  2ba5		       a9 01		      lda	#1	; an enemy died this frame already: one hit
   1665  2ba7				   .hits
   1666  2ba7		       85 b6		      sta	lt5	; hits left this update
   1667  2ba9		       a0 04		      ldy	#NENEMY-1
   1668  2bab				   .loop
   1669  2bab		       b9 85 f0 	      lda	R_eLane,y	; (an empty slot's shelf is $FF, a jet's 4-6)
   1670  2bae		       c5 b2		      cmp	lt1
   1671  2bb0		       d0 2e		      bne	.next
   1672  2bb2		       b9 80 f0 	      lda	R_eX,y
   1673  2bb5		       18		      clc
   1674  2bb6		       69 04		      adc	#4
   1675  2bb8		       c5 b1		      cmp	lt0
   1676  2bba		       b0 24		      bcs	.next	; its middle is still ahead of the nose
   1677  2bbc		       a6 b4		      ldx	lt3
   1678  2bbe		       bd 8f f0 	      lda	R_eHP,x
   1679  2bc1		       39 db fc 	      and	KindBit,y	; (bits 0-4: enemy slots 0-4)
   1680  2bc4		       d0 1a		      bne	.next	; hit already
   1681  2bc6		       a5 b6		      lda	lt5
   1682  2bc8		       f0 16		      beq	.next	; two this update: the next one gets it
   1683  2bca		       c6 b6		      dec	lt5
   1684  2bcc		       bd 8f f0 	      lda	R_eHP,x
   1685  2bcf		       19 db fc 	      ora	KindBit,y
   1686  2bd2		       9d 0f f0 	      sta	W_eHP,x
   1687  2bd5		       84 b3		      sty	lt2
   1688  2bd7		       a6 b3		      ldx	lt2
   1689  2bd9		       a9 0a		      lda	#JET_DMG
   1690  2bdb		       20 0f f5 	      jsr	Damage
   1691  2bde		       a4 b3		      ldy	lt2
   1692  2be0				   .next
   1693  2be0		       88		      dey
   1694  2be1		       10 c8		      bpl	.loop
   1695  2be3		       a6 b4		      ldx	lt3
   1696  2be5		       bd 80 f0 	      lda	R_eX,x
   1697  2be8		       18		      clc
   1698  2be9		       69 04		      adc	#4
   1699  2beb		       c9 98		      cmp	#152
   1700  2bed		       b0 06		      bcs	.gone
   1701  2bef		       9d 00 f0 	      sta	W_eX,x
   1702  2bf2		       4c ca f8 	      jmp	EnemyRow
   1703  2bf5				   .gone
   1704  2bf5		       a9 00		      lda	#0
   1705  2bf7		       9d 0a f0 	      sta	W_eType,x
   1706  2bfa		       a9 ff		      lda	#$FF
   1707  2bfc		       95 9e		      sta	eTop,x
   1708  2bfe		       9d 05 f0 	      sta	W_eLane,x	; (no shelf: shots skip the empty slot)
   1709  2c01		       60		      rts
   1710  2c02
   1711  2c02							;-------------------------------------------------------------------------------
   1712  2c02
   1713  2c02							;-------------------------------------------------------------------------------
   1714  2c02							; Sound: channel 0 plays the player's actions and jingles, channel 1 combat.
   1715  2c02							; A sound is a list of steps (ticks of two frames, AUDC*16+AUDV, AUDF) ending
   1716  2c02							; in a zero; a new sound replaces the one playing on its channel unless that
   1717  2c02							; one matters more (SndPri).
   1718  2c02				   SndPlay		; A = sound id; keeps X and Y
   1719  2c02					      SUBROUTINE
   1720  2c02		       86 b7		      stx	sndX
   1721  2c04		       84 b8		      sty	sndY
   1722  2c06		       a8		      tay
   1723  2c07		       be 35 fc 	      ldx	SndChan,y
   1724  2c0a		       b9 45 fc 	      lda	SndPri,y
   1725  2c0d		       dd b9 f0 	      cmp	R_sndPri,x
   1726  2c10		       90 0e		      bcc	.done	; something more important is playing
   1727  2c12		       9d 39 f0 	      sta	W_sndPri,x
   1728  2c15		       b9 25 fc 	      lda	SndStart,y
   1729  2c18		       9d 35 f0 	      sta	W_sndPos,x
   1730  2c1b		       a9 00		      lda	#0
   1731  2c1d		       9d 37 f0 	      sta	W_sndTimer,x
   1732  2c20				   .done
   1733  2c20		       a6 b7		      ldx	sndX
   1734  2c22		       a4 b8		      ldy	sndY
   1735  2c24		       60		      rts
   1736  2c25
   1737  2c25		       01 05 0c 16 SndStart   .byte.b	SdCursor-SndData, SdSelect-SndData, SdPlace-SndData, SdPick-SndData
   1738  2c29		       1d 21 2e 3b	      .byte.b	SdNoBatt-SndData, SdWave-SndData, SdOver-SndData, SdPop-SndData
   1739  2c2d		       42 4c 53 78	      .byte.b	SdBoom-SndData, SdThump-SndData, SdSpring-SndData, SdHit-SndData
   1740  2c31		       7c 89 8d 9a	      .byte.b	SdKill-SndData, SdChew-SndData, SdSlam-SndData, SdJet-SndData
   1741  2c35		       00 00 00 00*SndChan    .byte.b	0, 0, 0, 0, 0, 0, 0, 1, 1, 1, 1, 1, 1, 1, 1, 1
   1742  2c45		       01 02 03 03*SndPri     .byte.b	1, 2, 3, 3, 3, 4, 5, 1, 3, 3, 2, 2, 3, 1, 5, 5
   1743  2c55		       00 07 00 08*ToySound   .byte.b	0, SND_POP, 0, SND_BOOM, 0, SND_THUMP, 0
   1744  2c5c
   1745  2c5c							;-------------------------------------------------------------------------------
   1746  2c5c							; tables (toy and enemy types index from 1)
   1747  2c5c		       00 0a 05 19*ToyCost    .byte.b	0, 10, 5, 25, 15, 20, 30
   1748  2c63		       00 08 28 0c*ToyHP      .byte.b	0, 8, 40, 12, 8, 10, 1	; (the jack's 8 is never bitten: walkers spring it or wait)
   1749  2c6a		       00 07 00 32*ToyPeriod  .byte.b	0, 7, 0, 50, 0, 33, 0	; visits (6 frames) between shots
   1750  2c71		       00 01 00 08*ToyDmg     .byte.b	0, 1, 0, 8, 0, CANNON_DMG, 0
   1751  2c78							; enemy kinds:        -  dino heli crawl mouse knight balloon pogo trex
   1752  2c78		       00 06 05 03*EnHP       .byte.b	0, 6, 5, 3, 1, 6, 2, 3, 20
   1753  2c81		       00 02 02 01*EnReward   .byte.b	0, 2, 2, 1, 1, 2, 2, 2, 5	; batteries
   1754  2c8a		       00 10 15 10*EnScore    .byte.b	0, $10, $15, $10, $05, $20, $15, $15, $50	; BCD points
   1755  2c93							; pace (updates are two frames): move when (frame/2) & mask = 0, by step
   1756  2c93							; pixels; four blocks: first lap, second lap, knight charging (first lap,
   1757  2c93							; second lap)
   1758  2c93		       00 01 00 00*EnMask     .byte.b	0, 1, 0, 0, 0, 1, 1, 0, 3
   1759  2c9c		       00 00 00 00*	      .byte.b	0, 0, 0, 0, 0, 0, 1, 0, 1	; (balloon: its first-lap pace)
   1760  2ca5		       00 00 00 00*	      .byte.b	0, 0, 0, 0, 0, 0, 0, 0, 0
   1761  2cae		       00 00 00 00*	      .byte.b	0, 0, 0, 0, 0, 0, 0, 0, 0
   1762  2cb7		       00 01 01 01*EnStep     .byte.b	0, 1, 1, 1, 2, 1, 1, 1, 1
   1763  2cc0		       00 01 02 02*	      .byte.b	0, 1, 2, 2, 3, 1, 1, 2, 1
   1764  2cc9		       00 01 01 01*	      .byte.b	0, 1, 1, 1, 1, 2, 1, 1, 1
   1765  2cd2		       00 01 01 01*	      .byte.b	0, 1, 1, 1, 1, 3, 1, 1, 1
   1766  2cdb		       01 02 04 08*KindBit    .byte.b	1, 2, 4, 8, 16, 32, 64	; kinds 1-7 (the T-Rex only as a boss)
   1767  2ce2		       01 02 00    NextLane   .byte.b	1, 2, 0	; the pogo frog's jump
   1768  2ce5		       00 01 00 02*ToyShot    .byte.b	0, SHOT_ARMY, 0, SHOT_TANK, 0, SHOT_CANNON, 0
   1769  2cec							; waves 1-12 (later waves repeat them)
   1770  2cec		       05 07 09 0a*WaveCount  .byte.b	5, 7, 9, 10, 12, 7, 12, 14, 15, 18, 20, 12
   1771  2cf8		       00 00 00 00*WaveBoss   .byte.b	0, 0, 0, 0, 0, 1, 0, 0, 0, 0, 0, 2	; T-Rexes first
   1772  2d04		       b4 96 96 87*WaveGap    .byte.b	180, 150, 150, 135, 120, 120, 120, 105, 105, 90, 90, 90
   1773  2d10		       02 03 03 03*WaveMax    .byte.b	2, 3, 3, 3, 4, 4, 4, 4, 5, 5, 5, 5
   1774  2d1c		       01 01 09 0d*WaveKinds  .byte.b	1, 1, 9, 13, 29, 29, 31, 63, 127, 127, 127, 127
   1775  2d28		       01 02 02 03*WaveUnlock .byte.b	1, 2, 2, 3, 4, 4, 5, 5, 6, 6, 6, 6
   1776  2d34		       00 03 06    Lane3      .byte.b	0, 3, 6
   1777  2d37		       01 02 04    Bit	      .byte.b	1, 2, 4
   1778  2d3a		       03 0c 30    BagMask    .byte.b	$03, $0C, $30	; a shelf's two bits in the bag
   1779  2d3d		       02 08 20    BagTwo     .byte.b	$02, $08, $20
   1780  2d40		       01 04 10    BagOne     .byte.b	$01, $04, $10
   1781  2d43		       00 01 02 03*Mod7       .byte.b	0,1,2,3,4,5,6,0,1,2,3,4,5,6,0,1,2,3,4,5,6,0,1,2,3,4,5,6,0,1,2,3
------- FILE toywars.asm
------- FILE gen/bank2.inc LEVEL 2 PASS 2
      0  2d63					      include	"gen/bank2.inc"
      1  2d63							; generated by tools/gen.mjs -- do not edit
      2  2d63				   ToyLo
      3  2d63		       00 3a 57 74*	      .byte.b	0,<D_ARMY,<D_TEDDY,<D_TANK,<D_JACK,<D_CANNON,<D_JET
      4  2d6a				   SlotOfs
      5  2d6a		       d2 cd c8 e6*	      .byte.b	$D2,$CD,$C8,$E6,$E1,$DC,$FA,$F5,$F0
      6  2d73				   EmptyLo
      7  2d73		       b5 b1 ac c9*	      .byte.b	$B5,$B1,$AC,$C9,$C5,$C0,$E0,$E0,$E0
      8  2d7c				   SlotLane
      9  2d7c		       00 00 00 01*	      .byte.b	0,0,0,1,1,1,2,2,2
     10  2d85				   SlotCol
     11  2d85		       00 01 02 00*	      .byte.b	0,1,2,0,1,2,0,1,2
     12  2d8e				   ColX
     13  2d8e		       30 50 70 	      .byte.b	48,80,112
     14  2d91				   ShotStart
     15  2d91		       1a 15 0f 2e*	      .byte.b	$1A,$15,$0F,$2E,$29,$23,$42,$3D,$37
     16  2d9a				   LaneR0
     17  2d9a		       0b 1f 33 	      .byte.b	11,31,51
     18  2d9d				   ShotX
     19  2d9d		       95 8f 89 83*	      .byte.b	$95,$8F,$89,$83,$7D,$77,$71,$6B,$65,$5F,$59,$53,$4D,$47,$41,$3B
     20  2dad		       35 2f		      .byte.b	$35,$2F
     21  2daf				   FeetX2
     22  2daf		       15 15 15 15*	      .byte.b	$15,$15,$15,$15,$15,$14,$14,$14,$14,$14,$14,$13,$13,$13,$13,$13
     23  2dbf		       13 12 12 12*	      .byte.b	$13,$12,$12,$12,$12,$12,$12,$11,$11,$11,$11,$11,$11,$10,$10,$10
     24  2dcf		       10 10 10 0f*	      .byte.b	$10,$10,$10,$0F,$0F,$0F,$0F,$0F,$0F,$0E,$0E,$0E,$0E,$0E,$0E,$0D
     25  2ddf		       0d 0d 0d 0d*	      .byte.b	$0D,$0D,$0D,$0D,$0D,$0C,$0C,$0C,$0C,$0C,$0C,$0B,$0B,$0B,$0B,$0B
     26  2def		       0b 0a 0a 0a*	      .byte.b	$0B,$0A,$0A,$0A,$0A,$0A,$0A,$09,$09,$09,$09,$09,$09,$08,$08,$08
     27  2dff		       08 08 08 07*	      .byte.b	$08,$08,$08,$07,$07,$07,$07,$07,$07,$06,$06,$06,$06,$06,$06,$05
     28  2e0f		       05 05 05 05*	      .byte.b	$05,$05,$05,$05,$05,$04,$04,$04,$04,$04,$04,$03,$03,$03,$03,$03
     29  2e1f		       03 02 02 02*	      .byte.b	$03,$02,$02,$02,$02,$02,$02,$01,$01,$01,$01,$01,$01,$00,$00,$00
     30  2e2f		       00 00 00 ff*	      .byte.b	$00,$00,$00,$FF,$FF,$FF,$FF,$FF,$FF,$FE,$FE,$FE,$FE,$FE,$FE,$FD
     31  2e3f		       fd fd fd fd*	      .byte.b	$FD,$FD,$FD,$FD,$FD,$FC,$FC,$FC,$FC,$FC,$FC,$FB,$FB,$FB,$FB,$FB
     32  2e4f				   RowBad2
     33  2e4f		       01 00 00 00*	      .byte.b	$01,$00,$00,$00,$00,$00,$01,$01,$00,$00,$00,$01,$01,$00,$00,$00
     34  2e5f		       01 01 01 01*	      .byte.b	$01,$01,$01,$01,$00,$00,$00,$00,$00,$00,$00,$01,$01,$01,$01,$01
     35  2e6f		       01 01 00 00*	      .byte.b	$01,$01,$00,$00,$01,$01,$01,$01,$00,$00,$00,$00,$00,$00,$00,$01
     36  2e7f		       01 01 01 01*	      .byte.b	$01,$01,$01,$01,$01,$01,$00,$00,$01,$01,$01,$01,$00,$00,$00,$00
     37  2e8f		       00 00 00 00*	      .byte.b	$00,$00,$00,$00,$00,$00,$00,$00,$00,$00,$00,$00,$00,$00,$01,$01
     38  2e9f				   LaneBase2
     39  2e9f		       14 28 3c 00*	      .byte.b	20,40,60,0,20,40,60
------- FILE toywars.asm
   1251  2ea6
   1252  2fc3					      ORG	$2FC3
   1253  2fc3					      RORG	$FFC3
   1254  2fc3		       20 00 f1 	      jsr	LogicInit
   1255  2fc6		       ad f6 ff 	      lda	$FFF6	; back to bank 0, which returns at $FFC9
   1256  2fd3					      ORG	$2FD3
   1257  2fd3					      RORG	$FFD3
   1258  2fd3		       20 18 f1 	      jsr	Logic
   1259  2fd6		       ad f6 ff 	      lda	$FFF6	; back to bank 0, which returns at $FFD9
   1260  2ff0					      ORG	$2FF0
   1261  2ff0					      RORG	$FFF0
   1262  2ff0				   Reset2
   1263  2ff0		       ad f6 ff 	      lda	$FFF6
   1264  2ffa					      ORG	$2FFA
   1265  2ffa					      RORG	$FFFA
   1266  2ffa		       f0 ff f0 ff*	      .word.w	Reset2, Reset2, Reset2
   1267  3000
   1268  4000 ????				      SEG	bank3
   1269  3000					      ORG	$3000
   1270  3000					      RORG	$F000
   1271  3000		       00 00 00 00*	      ds	256, 0	; Super Chip RAM window
------- FILE sound.asm LEVEL 2 PASS 2
      0  3100					      include	"sound.asm"
      1  3100							; Toy Wars, bank 3: sound steps and music, called from VBLANK (CallSound).
      2  3100							; They read and write RAM and their own tables only; SndPlay (bank 2) starts
      3  3100							; a sound through SndStart, offsets into SndData here.
      4  3100
      5  3100							;-------------------------------------------------------------------------------
      6  3100							; Sound (VBLANK, after the frame counter steps): after an even frame (the
      7  3100							; shots) the sound effects' next steps, which are two frames long; after an
      8  3100							; odd frame (the toys) the music. Here, not in the overscan, to keep the
      9  3100							; game logic's frames short.
     10  3100				   Sound
     11  3100					      SUBROUTINE
     12  3100		       a5 9c		      lda	frame
     13  3102		       4a		      lsr
     14  3103		       90 03		      bcc	.music
     15  3105		       4c 15 f2 	      jmp	SndUpdate
     16  3108				   .music
     17  3108		       4c 0b f1 	      jmp	Music
     18  310b
     19  310b							;-------------------------------------------------------------------------------
     20  310b							; Music (every other frame): an 8-bar toy march, eighth notes of 12 frames. Before a
     21  310b							; game and at game over: melody on channel 0 and bass on channel 1; during
     22  310b							; play: the melody alone, softly. A sound effect on a channel always wins;
     23  310b							; the music picks up again at its next note.
     24  310b				   Music
     25  310b					      SUBROUTINE
     26  310b		       ad c2 f0 	      lda	R_musTimer
     27  310e		       18		      clc
     28  310f		       69 02		      adc	#2
     29  3111		       c9 0c		      cmp	#12
     30  3113		       90 0d		      bcc	.same
     31  3115		       ad c1 f0 	      lda	R_musPos
     32  3118		       18		      clc
     33  3119		       69 01		      adc	#1
     34  311b		       29 3f		      and	#63
     35  311d		       8d 41 f0 	      sta	W_musPos
     36  3120		       a9 00		      lda	#0
     37  3122				   .same
     38  3122		       8d 42 f0 	      sta	W_musTimer
     39  3125							; melody, channel 0
     40  3125		       ad b9 f0 	      lda	R_sndPri
     41  3128		       d0 3d		      bne	.bass	; a sound effect has the channel
     42  312a		       ae c1 f0 	      ldx	R_musPos
     43  312d		       ad c2 f0 	      lda	R_musTimer
     44  3130		       d0 26		      bne	.melEnd
     45  3132		       bc a7 f1 	      ldy	MelNote,x	; start of an eighth
     46  3135		       c0 07		      cpy	#7
     47  3137		       f0 2e		      beq	.bass	; a tie: keep sounding
     48  3139		       a9 00		      lda	#0
     49  313b		       c0 00		      cpy	#0
     50  313d		       f0 14		      beq	.melVol	; a rest
     51  313f		       a9 04		      lda	#4
     52  3141		       85 15		      sta	AUDC0
     53  3143		       b9 e8 f1 	      lda	MelF,y
     54  3146		       85 17		      sta	AUDF0
     55  3148		       a9 06		      lda	#6
     56  314a		       ac db f0 	      ldy	R_state
     57  314d		       c0 01		      cpy	#ST_PLAY
     58  314f		       d0 02		      bne	.melVol
     59  3151		       a9 03		      lda	#3	; softer under the game
     60  3153				   .melVol
     61  3153		       85 19		      sta	AUDV0
     62  3155		       4c 67 f1 	      jmp	.bass
     63  3158				   .melEnd
     64  3158		       c9 0a		      cmp	#10	; the last two frames: a short gap before the next note
     65  315a		       d0 0b		      bne	.bass
     66  315c		       bd a8 f1 	      lda	MelNote+1,x	; (MelNote has a 65th byte: the first again)
     67  315f		       c9 07		      cmp	#7
     68  3161		       f0 04		      beq	.bass
     69  3163		       a9 00		      lda	#0
     70  3165		       85 19		      sta	AUDV0
     71  3167				   .bass
     72  3167							; bass, channel 1: only before a game and at game over
     73  3167		       ad ba f0 	      lda	R_sndPri+1
     74  316a		       d0 0b		      bne	.done
     75  316c		       ad db f0 	      lda	R_state
     76  316f		       c9 01		      cmp	#ST_PLAY
     77  3171		       d0 05		      bne	.bassOn
     78  3173		       a9 00		      lda	#0
     79  3175		       85 1a		      sta	AUDV1
     80  3177				   .done
     81  3177		       60		      rts
     82  3178				   .bassOn
     83  3178		       ad c1 f0 	      lda	R_musPos
     84  317b		       4a		      lsr
     85  317c		       aa		      tax		; quarter note 0-31
     86  317d		       b0 1c		      bcs	.second	; the second eighth of the quarter
     87  317f		       ad c2 f0 	      lda	R_musTimer
     88  3182		       d0 f3		      bne	.done
     89  3184		       bc ef f1 	      ldy	BassNote,x
     90  3187		       a9 00		      lda	#0
     91  3189		       c0 00		      cpy	#0
     92  318b		       f0 0b		      beq	.bassVol
     93  318d		       a9 0c		      lda	#12
     94  318f		       85 16		      sta	AUDC1
     95  3191		       b9 0f f2 	      lda	BassF,y
     96  3194		       85 18		      sta	AUDF1
     97  3196		       a9 05		      lda	#5
     98  3198				   .bassVol
     99  3198		       85 1a		      sta	AUDV1
    100  319a		       60		      rts
    101  319b				   .second
    102  319b		       ad c2 f0 	      lda	R_musTimer
    103  319e		       c9 06		      cmp	#6
    104  31a0		       d0 d5		      bne	.done
    105  31a2		       a9 00		      lda	#0	; bass notes last an eighth and a half
    106  31a4		       85 1a		      sta	AUDV1
    107  31a6		       60		      rts
    108  31a7
    109  31a7							; the theme (original): melody in eighths, 1-6 = C5 D5 E5 G5 A5 C6, 7 = tie,
    110  31a7							; 0 = rest; bass in quarters, 1-5 = F3 G3 A3 C4 E3
    111  31a7		       01 01 03 04*MelNote    .byte.b	1,1,3,4,3,1,4,7, 5,5,4,3,2,3,1,7
    112  31b7		       01 01 03 04*	      .byte.b	1,1,3,4,5,4,3,7, 2,3,2,1,2,7,7,0
    113  31c7		       03 03 04 05*	      .byte.b	3,3,4,5,6,5,4,7, 5,4,3,2,3,4,3,7
    114  31d7		       01 01 03 04*	      .byte.b	1,1,3,4,5,6,5,4, 3,2,3,2,1,7,7,0
    115  31e7		       01		      .byte.b	1
    116  31e8		       00 1d 1a 17*MelF       .byte.b	0, 29, 26, 23, 19, 17, 14	; AUDC 4: C5 D5 E5 G5 A5 C6
    117  31ef		       04 02 04 02*BassNote   .byte.b	4,2,4,2, 1,4,2,4, 4,2,3,5, 2,2,2,2
    118  31ff		       04 03 01 02*	      .byte.b	4,3,1,2, 1,4,2,4, 4,3,1,2, 2,2,4,0
    119  320f		       00 1d 1a 17*BassF      .byte.b	0, 29, 26, 23, 19, 31	; AUDC 12: F3 G3 A3 C4 E3
    120  3215
    121  3215							;-------------------------------------------------------------------------------
    122  3215				   SndUpdate		; every other frame: next step when a step's time is up
    123  3215					      SUBROUTINE
    124  3215		       a2 01		      ldx	#1
    125  3217				   .chan
    126  3217		       bd b7 f0 	      lda	R_sndTimer,x
    127  321a		       f0 09		      beq	.step
    128  321c		       38		      sec
    129  321d		       e9 01		      sbc	#1
    130  321f		       9d 37 f0 	      sta	W_sndTimer,x
    131  3222		       4c 59 f2 	      jmp	.next
    132  3225				   .step
    133  3225		       bc b5 f0 	      ldy	R_sndPos,x
    134  3228		       b9 5d f2 	      lda	SndData,y
    135  322b		       f0 25		      beq	.quiet
    136  322d		       38		      sec
    137  322e		       e9 01		      sbc	#1	; this tick is the step's first
    138  3230		       9d 37 f0 	      sta	W_sndTimer,x
    139  3233		       b9 5e f2 	      lda	SndData+1,y
    140  3236		       4a		      lsr
    141  3237		       4a		      lsr
    142  3238		       4a		      lsr
    143  3239		       4a		      lsr
    144  323a		       95 15		      sta	AUDC0,x
    145  323c		       b9 5e f2 	      lda	SndData+1,y
    146  323f		       29 0f		      and	#$0F
    147  3241		       95 19		      sta	AUDV0,x
    148  3243		       b9 5f f2 	      lda	SndData+2,y
    149  3246		       95 17		      sta	AUDF0,x
    150  3248		       98		      tya
    151  3249		       18		      clc
    152  324a		       69 03		      adc	#3
    153  324c		       9d 35 f0 	      sta	W_sndPos,x
    154  324f		       4c 59 f2 	      jmp	.next
    155  3252				   .quiet
    156  3252		       a9 00		      lda	#0
    157  3254		       95 19		      sta	AUDV0,x
    158  3256		       9d 39 f0 	      sta	W_sndPri,x
    159  3259				   .next
    160  3259		       ca		      dex
    161  325a		       10 bb		      bpl	.chan
    162  325c		       60		      rts
    163  325d
    164  325d					      MAC	step
    165  325d					      .byte	{1}, [{2} << 4] | {3}, {4}
    166  325d					      ENDM		; ticks, AUDC, AUDV, AUDF
    167  325d				   SndData
    168  325d		       00		      .byte.b	0	; offset 0: silence
      0  325e				   SdCursor   STEP	1, 4, 4, 12
      1  325e		       01 44 0c 	      .byte.b	1, [4 << 4] | 4, 12
    170  3261		       00		      .byte.b	0
      0  3262				   SdSelect   STEP	1, 12, 6, 8
      1  3262		       01 c6 08 	      .byte.b	1, [12 << 4] | 6, 8
      0  3265					      STEP	1, 12, 6, 6
      1  3265		       01 c6 06 	      .byte.b	1, [12 << 4] | 6, 6
    173  3268		       00		      .byte.b	0
      0  3269				   SdPlace    STEP	2, 4, 7, 15
      1  3269		       02 47 0f 	      .byte.b	2, [4 << 4] | 7, 15
      0  326c					      STEP	2, 4, 7, 11
      1  326c		       02 47 0b 	      .byte.b	2, [4 << 4] | 7, 11
      0  326f					      STEP	3, 4, 6, 8
      1  326f		       03 46 08 	      .byte.b	3, [4 << 4] | 6, 8
    177  3272		       00		      .byte.b	0
      0  3273				   SdPick     STEP	2, 4, 6, 8
      1  3273		       02 46 08 	      .byte.b	2, [4 << 4] | 6, 8
      0  3276					      STEP	3, 4, 6, 14
      1  3276		       03 46 0e 	      .byte.b	3, [4 << 4] | 6, 14
    180  3279		       00		      .byte.b	0
      0  327a				   SdNoBatt   STEP	6, 6, 6, 28
      1  327a		       06 66 1c 	      .byte.b	6, [6 << 4] | 6, 28
    182  327d		       00		      .byte.b	0
      0  327e				   SdWave     STEP	4, 4, 8, 17
      1  327e		       04 48 11 	      .byte.b	4, [4 << 4] | 8, 17
      0  3281					      STEP	4, 4, 8, 14
      1  3281		       04 48 0e 	      .byte.b	4, [4 << 4] | 8, 14
      0  3284					      STEP	4, 4, 8, 11
      1  3284		       04 48 0b 	      .byte.b	4, [4 << 4] | 8, 11
      0  3287					      STEP	8, 4, 8, 8
      1  3287		       08 48 08 	      .byte.b	8, [4 << 4] | 8, 8
    187  328a		       00		      .byte.b	0
      0  328b				   SdOver     STEP	8, 12, 8, 10
      1  328b		       08 c8 0a 	      .byte.b	8, [12 << 4] | 8, 10
      0  328e					      STEP	8, 12, 8, 13
      1  328e		       08 c8 0d 	      .byte.b	8, [12 << 4] | 8, 13
      0  3291					      STEP	8, 12, 8, 17
      1  3291		       08 c8 11 	      .byte.b	8, [12 << 4] | 8, 17
      0  3294					      STEP	16, 12, 7, 23
      1  3294		       10 c7 17 	      .byte.b	16, [12 << 4] | 7, 23
    192  3297		       00		      .byte.b	0
      0  3298				   SdPop      STEP	1, 8, 5, 3
      1  3298		       01 85 03 	      .byte.b	1, [8 << 4] | 5, 3
      0  329b					      STEP	1, 8, 3, 5
      1  329b		       01 83 05 	      .byte.b	1, [8 << 4] | 3, 5
    195  329e		       00		      .byte.b	0
      0  329f				   SdBoom     STEP	2, 8, 12, 18
      1  329f		       02 8c 12 	      .byte.b	2, [8 << 4] | 12, 18
      0  32a2					      STEP	3, 8, 9, 22
      1  32a2		       03 89 16 	      .byte.b	3, [8 << 4] | 9, 22
      0  32a5					      STEP	4, 8, 5, 26
      1  32a5		       04 85 1a 	      .byte.b	4, [8 << 4] | 5, 26
    199  32a8		       00		      .byte.b	0
      0  32a9				   SdThump    STEP	2, 15, 10, 20
      1  32a9		       02 fa 14 	      .byte.b	2, [15 << 4] | 10, 20
      0  32ac					      STEP	3, 15, 6, 24
      1  32ac		       03 f6 18 	      .byte.b	3, [15 << 4] | 6, 24
    202  32af		       00		      .byte.b	0
      0  32b0				   SdSpring   STEP	1, 12, 12, 10	; boing: a low pure tone wobbling between two
      1  32b0		       01 cc 0a 	      .byte.b	1, [12 << 4] | 12, 10
      0  32b3					      STEP	1, 12, 12, 18	;   pitches, the wobble narrowing as it fades
      1  32b3		       01 cc 12 	      .byte.b	1, [12 << 4] | 12, 18
      0  32b6					      STEP	1, 12, 11, 11
      1  32b6		       01 cb 0b 	      .byte.b	1, [12 << 4] | 11, 11
      0  32b9					      STEP	1, 12, 10, 17
      1  32b9		       01 ca 11 	      .byte.b	1, [12 << 4] | 10, 17
      0  32bc					      STEP	1, 12, 9, 12
      1  32bc		       01 c9 0c 	      .byte.b	1, [12 << 4] | 9, 12
      0  32bf					      STEP	1, 12, 8, 16
      1  32bf		       01 c8 10 	      .byte.b	1, [12 << 4] | 8, 16
      0  32c2					      STEP	1, 12, 7, 13
      1  32c2		       01 c7 0d 	      .byte.b	1, [12 << 4] | 7, 13
      0  32c5					      STEP	1, 12, 6, 15
      1  32c5		       01 c6 0f 	      .byte.b	1, [12 << 4] | 6, 15
      0  32c8					      STEP	1, 12, 5, 14
      1  32c8		       01 c5 0e 	      .byte.b	1, [12 << 4] | 5, 14
      0  32cb					      STEP	1, 12, 4, 15
      1  32cb		       01 c4 0f 	      .byte.b	1, [12 << 4] | 4, 15
      0  32ce					      STEP	1, 12, 3, 14
      1  32ce		       01 c3 0e 	      .byte.b	1, [12 << 4] | 3, 14
      0  32d1					      STEP	1, 12, 2, 14
      1  32d1		       01 c2 0e 	      .byte.b	1, [12 << 4] | 2, 14
    215  32d4		       00		      .byte.b	0
      0  32d5				   SdHit      STEP	1, 8, 7, 6
      1  32d5		       01 87 06 	      .byte.b	1, [8 << 4] | 7, 6
    217  32d8		       00		      .byte.b	0
      0  32d9				   SdKill     STEP	2, 12, 8, 8
      1  32d9		       02 c8 08 	      .byte.b	2, [12 << 4] | 8, 8
      0  32dc					      STEP	2, 12, 7, 12
      1  32dc		       02 c7 0c 	      .byte.b	2, [12 << 4] | 7, 12
      0  32df					      STEP	2, 12, 6, 16
      1  32df		       02 c6 10 	      .byte.b	2, [12 << 4] | 6, 16
      0  32e2					      STEP	3, 12, 4, 22
      1  32e2		       03 c4 16 	      .byte.b	3, [12 << 4] | 4, 22
    222  32e5		       00		      .byte.b	0
      0  32e6				   SdChew     STEP	1, 3, 4, 28
      1  32e6		       01 34 1c 	      .byte.b	1, [3 << 4] | 4, 28
    224  32e9		       00		      .byte.b	0
      0  32ea				   SdSlam     STEP	3, 8, 15, 30
      1  32ea		       03 8f 1e 	      .byte.b	3, [8 << 4] | 15, 30
      0  32ed					      STEP	4, 8, 12, 31
      1  32ed		       04 8c 1f 	      .byte.b	4, [8 << 4] | 12, 31
      0  32f0					      STEP	6, 8, 8, 31
      1  32f0		       06 88 1f 	      .byte.b	6, [8 << 4] | 8, 31
      0  32f3					      STEP	8, 8, 4, 31
      1  32f3		       08 84 1f 	      .byte.b	8, [8 << 4] | 4, 31
    229  32f6		       00		      .byte.b	0
      0  32f7				   SdJet      STEP	2, 8, 12, 4
      1  32f7		       02 8c 04 	      .byte.b	2, [8 << 4] | 12, 4
      0  32fa					      STEP	2, 8, 12, 8
      1  32fa		       02 8c 08 	      .byte.b	2, [8 << 4] | 12, 8
      0  32fd					      STEP	2, 8, 12, 12
      1  32fd		       02 8c 0c 	      .byte.b	2, [8 << 4] | 12, 12
      0  3300					      STEP	2, 8, 12, 16
      1  3300		       02 8c 10 	      .byte.b	2, [8 << 4] | 12, 16
      0  3303					      STEP	2, 8, 10, 20
      1  3303		       02 8a 14 	      .byte.b	2, [8 << 4] | 10, 20
      0  3306					      STEP	3, 8, 8, 24
      1  3306		       03 88 18 	      .byte.b	3, [8 << 4] | 8, 24
      0  3309					      STEP	4, 8, 5, 28
      1  3309		       04 85 1c 	      .byte.b	4, [8 << 4] | 5, 28
    237  330c		       00		      .byte.b	0
    238  330c		       f3 0d	   SND_END    =	.
    239  330d				  -	      IF	SND_END - SndData > 255
    240  330d				  -	      ERR		; positions are one byte
    241  330d					      ENDIF
------- FILE toywars.asm
   1273  330d
   1274  3fb3					      ORG	$3FB3
   1275  3fb3					      RORG	$FFB3
   1276  3fb3		       20 00 f1 	      jsr	Sound
   1277  3fb6		       ad f6 ff 	      lda	$FFF6	; back to bank 0, which returns at $FFB9
   1278  3ff0					      ORG	$3FF0
   1279  3ff0					      RORG	$FFF0
   1280  3ff0				   Reset3
   1281  3ff0		       ad f6 ff 	      lda	$FFF6
   1282  3ffa					      ORG	$3FFA
   1283  3ffa					      RORG	$FFFA
   1284  3ffa		       f0 ff f0 ff*	      .word.w	Reset3, Reset3, Reset3
